State,State_ID,District,District_ID,Market_ID,Mandi_Name
Andaman and Nicobar,1,Nicobar,1,3365,Perka Vegetable Market
Andaman and Nicobar,1,North and Middle Andaman ,2,3367,Diglipur Vegetable Market (Subhashgram)
Andaman and Nicobar,1,North and Middle Andaman ,2,3366,Mayabander Vegetable Market
Andaman and Nicobar,1,South Andaman,3,345,Bathubasti Vegetable Market
Andhra Pradesh,2,Polavaram,719,4771,Rampachodvaram APMC
Andhra Pradesh,2,Dr.B.R.A.Konaseema,720,831,Alamuru APMC
Andhra Pradesh,2,Dr.B.R.A.Konaseema,720,835,Ambajipeta APMC
Andhra Pradesh,2,Dr.B.R.A.Konaseema,720,955,Mummidivaram APMC
Andhra Pradesh,2,Dr.B.R.A.Konaseema,720,960,Nagaram APMC
Andhra Pradesh,2,Dr.B.R.A.Konaseema,720,1007,Ramachandrapuram APMC
Andhra Pradesh,2,Dr.B.R.A.Konaseema,720,925,Ravulapalem (Kothapeta APMC)
Andhra Pradesh,2,Dr.B.R.A.Konaseema,720,1010,Razole APMC
Andhra Pradesh,2,Kakinada,721,1998,Jaggampet APMC
Andhra Pradesh,2,Kakinada,721,904,Kakinada (Urban) APMC
Andhra Pradesh,2,Kakinada,721,3127,Karapa APMC
Andhra Pradesh,2,Kakinada,721,352,Peddapuram APMC
Andhra Pradesh,2,Kakinada,721,992,Pithapuram APMC
Andhra Pradesh,2,Kakinada,721,1999,Prattipadu APMC
Andhra Pradesh,2,Kakinada,721,3396,Samalkot APMC
Andhra Pradesh,2,Kakinada,721,2811,Sampara (Kakinada Rural) APMC
Andhra Pradesh,2,Kakinada,721,1040,Tuni APMC
Andhra Pradesh,2,NTR,722,897,Jaggayyapeta APMC
Andhra Pradesh,2,NTR,722,910,Kanchekacherla APMC
Andhra Pradesh,2,NTR,722,957,Mylavaram APMC
Andhra Pradesh,2,NTR,722,965,Nandigama APMC
Andhra Pradesh,2,NTR,722,1039,Tiruvuru APMC
Andhra Pradesh,2,NTR,722,1049,Vijayawada APMC
Andhra Pradesh,2,Markapuram,723,864,Cumbum APMC
Andhra Pradesh,2,Markapuram,723,880,Giddalur APMC
Andhra Pradesh,2,Markapuram,723,912,Kanigiri APMC
Andhra Pradesh,2,Markapuram,723,948,Markapur APMC
Andhra Pradesh,2,Markapuram,723,993,Podili APMC
Andhra Pradesh,2,Markapuram,723,4797,Yerragondapalem APMC
Andhra Pradesh,2,Eluru,724,849,Bhimadole APMC
Andhra Pradesh,2,Eluru,724,860,Chintalapudi APMC
Andhra Pradesh,2,Eluru,724,3012,Denduluru APMC
Andhra Pradesh,2,Eluru,724,872,Eluru APMC
Andhra Pradesh,2,Eluru,724,354,Kaikaluru APMC
Andhra Pradesh,2,Eluru,724,2000,Kalidindi APMC
Andhra Pradesh,2,Eluru,724,975,Nuzvid APMC
Andhra Pradesh,2,Eluru,724,994,Polavaram APMC
Andhra Pradesh,2,Eluru,724,1042,Ungatur APMC
Andhra Pradesh,2,Parvathipuram Manyam,725,932,Kurupam APMC
Andhra Pradesh,2,Parvathipuram Manyam,725,979,Palakonda APMC
Andhra Pradesh,2,Parvathipuram Manyam,725,984,Parvathipuram APMC
Andhra Pradesh,2,Parvathipuram Manyam,725,1012,Saluru APMC
Andhra Pradesh,2,Ananthapuramu,4,837,Anantapur APMC
Andhra Pradesh,2,Ananthapuramu,4,882,Gooti APMC
Andhra Pradesh,2,Ananthapuramu,4,885,Guntakal APMC
Andhra Pradesh,2,Ananthapuramu,4,905,Kalyandurg APMC
Andhra Pradesh,2,Ananthapuramu,4,1009,RAYADURG APMC
Andhra Pradesh,2,Ananthapuramu,4,4773,Rapthadu APMC
Andhra Pradesh,2,Ananthapuramu,4,4782,Singanamala APMC
Andhra Pradesh,2,Ananthapuramu,4,1027,Tadipatri APMC
Andhra Pradesh,2,Ananthapuramu,4,1043,Urvakonda APMC
Andhra Pradesh,2,YSR Kadapa,6,362,Badvel APMC
Andhra Pradesh,2,YSR Kadapa,6,900,Jammalamadugu APMC
Andhra Pradesh,2,YSR Kadapa,6,1,Kadapa
Andhra Pradesh,2,YSR Kadapa,6,908,Kamalapuram APMC
Andhra Pradesh,2,YSR Kadapa,6,956,Mydukur APMC
Andhra Pradesh,2,YSR Kadapa,6,997,Proddatur APMC
Andhra Pradesh,2,YSR Kadapa,6,998,Pulivendala APMC
Andhra Pradesh,2,YSR Kadapa,6,1002,Rajampet APMC
Andhra Pradesh,2,YSR Kadapa,6,1990,Siddavatam APMC
Andhra Pradesh,2,YSR Kadapa,6,4781,Simhadhripuram APMC
Andhra Pradesh,2,YSR Kadapa,6,4798,Yerraguntla APMC
Andhra Pradesh,2,SPSR Nellore,11,360,Atmakur (SPSR Nellore District) APMC
Andhra Pradesh,2,SPSR Nellore,11,884,Gudur APMC
Andhra Pradesh,2,SPSR Nellore,11,914,Kavali APMC
Andhra Pradesh,2,SPSR Nellore,11,926,Kovur APMC
Andhra Pradesh,2,SPSR Nellore,11,973,Nellore APMC
Andhra Pradesh,2,SPSR Nellore,11,1008,Rapur APMC
Andhra Pradesh,2,SPSR Nellore,11,4779,Sarvepalli APMC
Andhra Pradesh,2,SPSR Nellore,11,1041,Udayagiri APMC
Andhra Pradesh,2,Chittor,5,843,Bangarupalyam APMC
Andhra Pradesh,2,Chittor,5,857,Chittoor APMC
Andhra Pradesh,2,Chittor,5,930,Kuppam APMC
Andhra Pradesh,2,Chittor,5,958,Nagari APMC
Andhra Pradesh,2,Chittor,5,361,Palamaner APMC
Andhra Pradesh,2,Chittor,5,4761,Penumuru APMC
Andhra Pradesh,2,Chittor,5,3446,Rompicherla APMC
Andhra Pradesh,2,Chittor,5,4776,S.R.Puram APMC
Andhra Pradesh,2,Chittor,5,1181,V. Kota Sub-yard of AMC Palamaneru
Andhra Pradesh,2,East Godavari,7,839,Anaparthy APMC
Andhra Pradesh,2,East Godavari,7,883,Gopalapuram APMC
Andhra Pradesh,2,East Godavari,7,927,Kovvur APMC
Andhra Pradesh,2,East Godavari,7,3369,Mandapeta APMC
Andhra Pradesh,2,East Godavari,7,1165,Nidadavolu APMC
Andhra Pradesh,2,East Godavari,7,1003,Rajahmundry APMC
Andhra Pradesh,2,East Godavari,7,4768,Rajanagaram APMC
Andhra Pradesh,2,Guntur,8,1060,Duggirala APMC
Andhra Pradesh,2,Guntur,8,886,Guntur APMC
Andhra Pradesh,2,Guntur,8,947,Mangalagiri APMC
Andhra Pradesh,2,Guntur,8,4762,Phirangipuram APMC
Andhra Pradesh,2,Guntur,8,996,Ponnur APMC
Andhra Pradesh,2,Guntur,8,4763,Prathipadu APMC
Andhra Pradesh,2,Guntur,8,1029,Tadikonda APMC
Andhra Pradesh,2,Guntur,8,1033,Tenali APMC
Andhra Pradesh,2,Krishna,9,870,Divi (HQ-Avanigadda) APMC
Andhra Pradesh,2,Krishna,9,878,Gannavaram APMC
Andhra Pradesh,2,Krishna,9,4709,Ghantsala (HQ-Kodali) APMC
Andhra Pradesh,2,Krishna,9,355,Gudiwada APMC
Andhra Pradesh,2,Krishna,9,4712,Gudlavalleru APMC
Andhra Pradesh,2,Krishna,9,935,Machilipatnam APMC
Andhra Pradesh,2,Krishna,9,944,Malleswaram (HQ-Bantumili) APMC
Andhra Pradesh,2,Krishna,9,953,Movva (HQ-Kuchipudi) APMC
Andhra Pradesh,2,Krishna,9,982,Pamarru APMC
Andhra Pradesh,2,Krishna,9,4760,Pedana APMC
Andhra Pradesh,2,Krishna,9,3148,Penamaluru (HQ-Kankipadu) APMC
Andhra Pradesh,2,Krishna,9,1053,Vuyyur APMC
Andhra Pradesh,2,Kurnool,10,828,Adoni APMC
Andhra Pradesh,2,Kurnool,10,833,Alur APMC
Andhra Pradesh,2,Kurnool,10,4728,Kodumur APMC
Andhra Pradesh,2,Kurnool,10,931,Kurnool APMC
Andhra Pradesh,2,Kurnool,10,4740,Mantralayam APMC
Andhra Pradesh,2,Kurnool,10,987,Pattikonda APMC
Andhra Pradesh,2,Kurnool,10,1059,Yemmiganur APMC
Andhra Pradesh,2,Prakasam,12,826,Addanki APMC
Andhra Pradesh,2,Prakasam,12,358,Darsi APMC
Andhra Pradesh,2,Prakasam,12,911,Kandukur APMC
Andhra Pradesh,2,Prakasam,12,920,Kondapi APMC
Andhra Pradesh,2,Prakasam,12,937,Maddipadu APMC
Andhra Pradesh,2,Prakasam,12,976,Ongole APMC
Andhra Pradesh,2,Prakasam,12,1013,Santhamaguluru APMC
Andhra Pradesh,2,Srikakulam,13,836,Amadalavalasa APMC
Andhra Pradesh,2,Srikakulam,13,4706,Etcherla APMC
Andhra Pradesh,2,Srikakulam,13,889,Hiramandalam APMC
Andhra Pradesh,2,Srikakulam,13,894,Ichapuram APMC
Andhra Pradesh,2,Srikakulam,13,4717,Jalumuru APMC
Andhra Pradesh,2,Srikakulam,13,909,Kanchili APMC
Andhra Pradesh,2,Srikakulam,13,923,Kothabommali APMC
Andhra Pradesh,2,Srikakulam,13,351,Narasannapet APMC
Andhra Pradesh,2,Srikakulam,13,4754,Palasa APMC
Andhra Pradesh,2,Srikakulam,13,988,Pathapatnam APMC
Andhra Pradesh,2,Srikakulam,13,995,Ponduru APMC
Andhra Pradesh,2,Srikakulam,13,1023,Srikakulam APMC
Andhra Pradesh,2,Vijayanagaram,14,852,Bobbili APMC
Andhra Pradesh,2,Vijayanagaram,14,855,Chipurupalli APMC
Andhra Pradesh,2,Vijayanagaram,14,874,Gajapathinagaram APMC
Andhra Pradesh,2,Vijayanagaram,14,924,Kothavalasa APMC
Andhra Pradesh,2,Vijayanagaram,14,4741,Merakamudidam APMC
Andhra Pradesh,2,Vijayanagaram,14,1000,Pusapatirega APMC
Andhra Pradesh,2,Vijayanagaram,14,1004,Rajam APMC
Andhra Pradesh,2,Vijayanagaram,14,18,Vijayanagaram APMC
Andhra Pradesh,2,Visakhapatnam,15,847,Bhimunipatnam APMC
Andhra Pradesh,2,Visakhapatnam,15,2003,Pendurthi APMC
Andhra Pradesh,2,Visakhapatnam,15,838,Visakhapatnam APMC
Andhra Pradesh,2,West Godavari,16,825,Achanta APMC
Andhra Pradesh,2,West Godavari,16,829,Akiveedu APMC
Andhra Pradesh,2,West Godavari,16,842,Attili APMC
Andhra Pradesh,2,West Godavari,16,848,Bhimavaram APMC
Andhra Pradesh,2,West Godavari,16,972,Narsapuram APMC
Andhra Pradesh,2,West Godavari,16,980,Palakole APMC
Andhra Pradesh,2,West Godavari,16,353,Penugonda APMC
Andhra Pradesh,2,West Godavari,16,1028,Tadepalligudem APMC
Andhra Pradesh,2,West Godavari,16,1031,Tanuku APMC
Andhra Pradesh,2,West Godavari,16,2263,Undi APMC
Andhra Pradesh,2,Annamayya,709,4687,B.Kothakota H/Q Angallu
Andhra Pradesh,2,Annamayya,709,4909,Guramkonda Sub-yard of AMC Valmikipuram
Andhra Pradesh,2,Annamayya,709,3014,Kalikiri APMC
Andhra Pradesh,2,Annamayya,709,933,Lakkireddipally APMC
Andhra Pradesh,2,Annamayya,709,938,Madanapalli APMC
Andhra Pradesh,2,Annamayya,709,1987,Mulakalacheruvu APMC
Andhra Pradesh,2,Annamayya,709,990,Piler APMC
Andhra Pradesh,2,Annamayya,709,999,Punganur APMC
Andhra Pradesh,2,Annamayya,709,363,Rayachoti APMC
Andhra Pradesh,2,Annamayya,709,1022,Somala APMC
Andhra Pradesh,2,Annamayya,709,4790,Valmikipuram APMC
Andhra Pradesh,2,Tirupathi,711,4690,B.N.Kandriga APMC
Andhra Pradesh,2,Tirupathi,711,4698,Chandragiri APMC
Andhra Pradesh,2,Tirupathi,711,1988,Nagalapuram APMC
Andhra Pradesh,2,Tirupathi,711,961,Naidupet APMC
Andhra Pradesh,2,Tirupathi,711,978,Pakala APMC
Andhra Pradesh,2,Tirupathi,711,1001,Puttur APMC
Andhra Pradesh,2,Tirupathi,711,916,Railway Koduru APMC
Andhra Pradesh,2,Tirupathi,711,1024,Srikalahasti APMC
Andhra Pradesh,2,Tirupathi,711,1025,Sullurpet APMC
Andhra Pradesh,2,Tirupathi,711,4783,Thiruchanur APMC
Andhra Pradesh,2,Tirupathi,711,1045,Vakadu APMC
Andhra Pradesh,2,Tirupathi,711,1047,Venkatagiri APMC
Andhra Pradesh,2,Palnadu,712,357,Chilakaluripet APMC
Andhra Pradesh,2,Palnadu,712,4703,Durgi APMC
Andhra Pradesh,2,Palnadu,712,4713,Gurazala APMC
Andhra Pradesh,2,Palnadu,712,895,Ipur APMC
Andhra Pradesh,2,Palnadu,712,928,Krosuru APMC
Andhra Pradesh,2,Palnadu,712,936,Macharla APMC
Andhra Pradesh,2,Palnadu,712,356,Narasaraopet APMC
Andhra Pradesh,2,Palnadu,712,2001,Pidugurala APMC
Andhra Pradesh,2,Palnadu,712,4770,Rajupalem APMC
Andhra Pradesh,2,Palnadu,712,4775,Rompicherla APMC
Andhra Pradesh,2,Palnadu,712,1018,Sattenapalli APMC
Andhra Pradesh,2,Palnadu,712,1050,Vinukonda APMC
Andhra Pradesh,2,Sri Sathya Sai,713,365,Dharmavaram APMC
Andhra Pradesh,2,Sri Sathya Sai,713,4710,Gorantla  APMC
Andhra Pradesh,2,Sri Sathya Sai,713,888,Hindupur APMC
Andhra Pradesh,2,Sri Sathya Sai,713,902,Kadiri APMC
Andhra Pradesh,2,Sri Sathya Sai,713,939,Madakasira APMC
Andhra Pradesh,2,Sri Sathya Sai,713,364,Penukonda APMC
Andhra Pradesh,2,Sri Sathya Sai,713,4764,Puttaparthi  APMC
Andhra Pradesh,2,Sri Sathya Sai,713,2812,Tenakallu APMC
Andhra Pradesh,2,Nandyal,715,366,Allagadda APMC
Andhra Pradesh,2,Nandyal,715,841,Atmakur (Nandyal District) APMC
Andhra Pradesh,2,Nandyal,715,844,Banaganapalli APMC
Andhra Pradesh,2,Nandyal,715,869,Dhone APMC
Andhra Pradesh,2,Nandyal,715,918,Koilkunta APMC
Andhra Pradesh,2,Nandyal,715,367,Nandikotkur APMC
Andhra Pradesh,2,Nandyal,715,964,Nandyal APMC
Andhra Pradesh,2,Nandyal,715,4755,Panyam APMC
Andhra Pradesh,2,Bapatla,716,845,Bapatla APMC
Andhra Pradesh,2,Bapatla,716,861,Chirala APMC
Andhra Pradesh,2,Bapatla,716,3013,Kuchinapudi APMC
Andhra Pradesh,2,Bapatla,716,983,Parchur APMC
Andhra Pradesh,2,Bapatla,716,1011,Repalli APMC
Andhra Pradesh,2,Bapatla,716,4794,Vemuru APMC
Andhra Pradesh,2,Alluri Sitharama Raju,710,4688,Araku Valley APMC
Andhra Pradesh,2,Alluri Sitharama Raju,710,859,Chintapally APMC
Andhra Pradesh,2,Alluri Sitharama Raju,710,977,Paderu APMC
Andhra Pradesh,2,Anakapally,714,1609,Anakapally APMC
Andhra Pradesh,2,Anakapally,714,863,Chodavaram APMC
Andhra Pradesh,2,Anakapally,714,4738,Madugula APMC
Andhra Pradesh,2,Anakapally,714,969,Narsipatnam APMC
Andhra Pradesh,2,Anakapally,714,4758,Payakaraopeta APMC
Andhra Pradesh,2,Anakapally,714,1058,Yellamanchili APMC
Arunachal Pradesh,3,Changlang,17,1691,Miao APMC
Arunachal Pradesh,3,East Kameng,18,2530,Seppa APMC
Arunachal Pradesh,3,East Siang,19,347,Pasighat APMC
Arunachal Pradesh,3,Lohit,21,2533,Anjaw APMC
Arunachal Pradesh,3,Lohit,21,379,Tezu APMC
Arunachal Pradesh,3,Lower Dibang Valley,22,1092,Roing APMC
Arunachal Pradesh,3,Lower Subansiri,23,1093,Ziro APMC
Arunachal Pradesh,3,Papum Pore,24,2532,Kurung Kumey APMC
Arunachal Pradesh,3,Papum Pore,24,20,Naharlagun APMC
Arunachal Pradesh,3,Tawang,25,380,Tawang APMC
Arunachal Pradesh,3,Tirap,26,1690,Khonsa APMC
Arunachal Pradesh,3,Upper Siang,27,2531,Yingkiong APMC
Arunachal Pradesh,3,Upper Subansiri,28,1693,Daporijo APMC
Arunachal Pradesh,3,West Kameng,29,1689,Bomdila APMC
Arunachal Pradesh,3,West Siang,30,1692,Along APMC
Assam,4,Hojai,717,4843,"Gandhimaidan SMY, Hojai"
Assam,4,Barpeta,31,385,Baharihat APMC
Assam,4,Barpeta,31,4295,Barpeta Road APMC
Assam,4,Barpeta,31,381,Howly APMC
Assam,4,Barpeta,31,4294,Mandia APMC
Assam,4,Cachar,33,4241,Fatakbazar APMC
Assam,4,Cachar,33,4243,Gobindapur APMC
Assam,4,Cachar,33,4244,Kashipur APMC
Assam,4,Cachar,33,4245,Koroikandi APMC
Assam,4,Cachar,33,4246,Sonabarighat APMC
Assam,4,Darrang,34,4247,Balugaon APMC
Assam,4,Darrang,34,4248,Banglagarh APMC
Assam,4,Darrang,34,4249,Besimari APMC
Assam,4,Darrang,34,21,Kharupetia APMC
Assam,4,Darrang,34,4250,Tangni APMC
Assam,4,Dhubri,36,4253,Bilasipara APMC
Assam,4,Dhubri,36,4254,Chapar APMC
Assam,4,Dhubri,36,4255,Dhubri APMC
Assam,4,Dhubri,36,22,Gauripur Jute/Pineapple Market
Assam,4,Goalpara,38,4256,Darangiri Banana Market APMC
Assam,4,Goalpara,38,4257,Jaleswar APMC
Assam,4,Goalpara,38,4258,Krishnai APMC
Assam,4,Goalpara,38,4259,Lakhipur APMC
Assam,4,Goalpara,38,4261,Simlitola APMC
Assam,4,Goalpara,38,4260,Sonari APMC
Assam,4,Golaghat,39,4262,Dergaon APMC
Assam,4,Golaghat,39,386,Golaghat APMC
Assam,4,Golaghat,39,4263,Gomariguri APMC
Assam,4,Golaghat,39,4264,Sarupathar APMC
Assam,4,Jorhat,41,387,Jorhat APMC
Assam,4,Jorhat,41,4267,Mariani APMC
Assam,4,Jorhat,41,4268,Titabor APMC
Assam,4,Kamrup,42,4265,Brahmaputra Private Market APMC
Assam,4,Kamrup,42,4835,Fancy Bazaar APMC
Assam,4,Kamrup,42,3668,Pamohi(Garchuk) APMC
Assam,4,Kamrup,42,4266,Sontoli APMC
Assam,4,Karbi Anglong,43,4269,Diphu APMC
Assam,4,Karbi Anglong,43,4270,Manja APMC
Assam,4,Karbi Anglong,43,4271,Sariahjan APMC
Assam,4,Karimganj,44,4917,Santar Bazaar APMC
Assam,4,Kokrajhar,45,4272,Balajan Tiniali APMC
Assam,4,Kokrajhar,45,4273,Dotma Bazar APMC
Assam,4,Kokrajhar,45,4274,Gossaigaon APMC
Assam,4,Kokrajhar,45,4276,Saraibil APMC
Assam,4,Kokrajhar,45,4275,Serfanguri APMC
Assam,4,Lakhimpur,46,4285,Anand Bazar APMC
Assam,4,Lakhimpur,46,4286,Baginadi APMC
Assam,4,Lakhimpur,46,4287,Ghilamara APMC
Assam,4,Lakhimpur,46,4288,Gogamukh APMC
Assam,4,Lakhimpur,46,4289,Kakoi Weekly Market APMC
Assam,4,Lakhimpur,46,1708,North Lakhimpur APMC
Assam,4,Morigaon,48,4277,Boralimari APMC
Assam,4,Morigaon,48,4278,Burhagaon APMC
Assam,4,Morigaon,48,4279,Jagiroad Dry Fish Market APMC
Assam,4,Morigaon,48,3667,Kushtoli APMC
Assam,4,Morigaon,48,4280,Laharighat APMC
Assam,4,Morigaon,48,4281,Moirabari APMC
Assam,4,Nagaon,49,4251,Ambagan APMC
Assam,4,Nagaon,49,382,Dhing APMC
Assam,4,Nagaon,49,4834,Doomdumia APMC
Assam,4,Nagaon,49,4252,Haibargaon APMC
Assam,4,Nalbari,50,4282,Dhamdhama APMC
Assam,4,Nalbari,50,4283,Kumrikata APMC
Assam,4,Nalbari,50,4284,Mukalmua APMC
Assam,4,Nalbari,50,1711,Nalbari APMC
Assam,4,Sibsagar,52,4290,Moran APMC
Assam,4,Sibsagar,52,4291,Simalguri APMC
Assam,4,Sibsagar,52,1710,Sivasagar APMC
Assam,4,Sibsagar,52,4292,Sonari APMC
Assam,4,Sonitpur,53,4293,Bindukuri APMC
Assam,4,Sonitpur,53,4912,Biswanath Chairaili APMC
Assam,4,Sonitpur,53,1707,Dhekiajuli APMC
Assam,4,Tinsukia,54,384,Tinsukia Market
Bihar,5,Araria,55,778,Arreria APMC
Bihar,5,Araria,55,1484,Forbesganj APMC
Bihar,5,Araria,55,3921,Raniganj APMC
Bihar,5,Arwal,56,1479,Arwal APMC
Bihar,5,Aurangabad,57,3923,Amba APMC
Bihar,5,Aurangabad,57,394,Aurangabad APMC
Bihar,5,Aurangabad,57,3922,Daunagar APMC
Bihar,5,Banka,58,3925,Amarpur APMC
Bihar,5,Banka,58,1493,Barahat APMC
Bihar,5,Banka,58,3924,Rajaun APMC
Bihar,5,Begusarai,59,3926,Balliah APMC
Bihar,5,Begusarai,59,24,Begusarai APMC
Bihar,5,Begusarai,59,1491,Teghra APMC
Bihar,5,Bhagalpur,60,25,Bhagalpur APMC
Bihar,5,Bhagalpur,60,3927,Bihpur APMC
Bihar,5,Bhagalpur,60,1489,Kahalgaon APMC
Bihar,5,Bhagalpur,60,3928,Naugachiya APMC
Bihar,5,Bhojpur,61,392,Aarah APMC
Bihar,5,Bhojpur,61,3929,Bihiya APMC
Bihar,5,Bhojpur,61,3930,Piro APMC
Bihar,5,Buxar,62,3932,Brahmpur APMC
Bihar,5,Buxar,62,393,Buxur APMC
Bihar,5,Buxar,62,3931,Dumarao APMC
Bihar,5,Chhapra,63,26,Chhapra APMC
Bihar,5,Darbhanga,64,3934,Bahadurpur (Ekmi Ghat) APMC
Bihar,5,Darbhanga,64,3933,Benipir APMC
Bihar,5,Darbhanga,64,1501,Biraul APMC
Bihar,5,Darbhanga,64,27,Darbhanga APMC
Bihar,5,East Champaran/ Motihari,65,1499,Chakia APMC
Bihar,5,East Champaran/ Motihari,65,3942,Madhuban APMC
Bihar,5,East Champaran/ Motihari,65,402,Motihari APMC
Bihar,5,East Champaran/ Motihari,65,3943,Raxaul APMC
Bihar,5,Gaya,66,32,Gaya APMC
Bihar,5,Gaya,66,3935,Tekari APMC
Bihar,5,Gopalgang,67,1482,Gopalganj APMC
Bihar,5,Jamui,68,1494,Jamui APMC
Bihar,5,Jamui,68,3936,Sikandara APMC
Bihar,5,Jehanabad,69,1478,Jehanabad APMC
Bihar,5,Kaimur/Bhabhua,70,3941,Kaimur APMC
Bihar,5,Kaimur/Bhabhua,70,1480,Mohana APMC
Bihar,5,Kaithar,71,3938,Barari APMC
Bihar,5,Kaithar,71,1487,Barsoi APMC
Bihar,5,Kaithar,71,3937,"Gerabari, Korha Block APMC"
Bihar,5,Kaithar,71,34,Katihar APMC
Bihar,5,Khagaria,72,403,Khagaria APMC
Bihar,5,Khagaria,72,3939,Mansi Mandi APMC
Bihar,5,Kishanganj,73,1486,Bahadurganj APMC
Bihar,5,Kishanganj,73,398,Kishanganj APMC
Bihar,5,Kishanganj,73,1500,Thakurganj APMC
Bihar,5,Luckeesarai,74,1490,Lakhisarai APMC
Bihar,5,Luckeesarai,74,3940,Surjyagarha APMC
Bihar,5,Madhepura,75,1605,Bihariganj APMC
Bihar,5,Madhepura,75,3944,Murliganj APMC
Bihar,5,Madhepura,75,1496,Singheswarsthan APMC
Bihar,5,Madhubani,76,3945,Benipatti APMC
Bihar,5,Madhubani,76,1498,Jahajharpur APMC
Bihar,5,Madhubani,76,1497,Jainagar APMC
Bihar,5,Madhubani,76,35,Madhubani APMC
Bihar,5,Munghair,77,399,Munghair APMC
Bihar,5,Muzaffarpur,78,3946,Bhagwanpur Mandi APMC
Bihar,5,Muzaffarpur,78,36,Muzaffarpur APMC
Bihar,5,Nalanda,79,390,Biharsharif APMC
Bihar,5,Nalanda,79,3947,Harnaut APMC
Bihar,5,Nawada,80,1096,Nawada APMC
Bihar,5,Nawada,80,3948,Rajauli APMC
Bihar,5,Patna,81,391,Bihta APMC
Bihar,5,Patna,81,389,Danapur APMC
Bihar,5,Patna,81,1477,Mokama APMC
Bihar,5,Patna,81,37,Patna (Musallahpur) APMC
Bihar,5,Patna,81,38,Patna City APMC
Bihar,5,Purnea,82,3949,Bhawanipur APMC
Bihar,5,Purnea,82,39,Gulabbagh APMC
Bihar,5,Purnea,82,1485,Kaswa APMC
Bihar,5,Rohtas,83,3952,Dehri APMC
Bihar,5,Rohtas,83,3951,Kochas (Balthari) APMC
Bihar,5,Rohtas,83,1481,Natwar APMC
Bihar,5,Rohtas,83,776,Nokha APMC
Bihar,5,Rohtas,83,41,Sasaram APMC
Bihar,5,Rohtas,83,3950,Vikramganj APMC
Bihar,5,Saharsa,84,400,Saharsa APMC
Bihar,5,Samastipur,85,396,Saidpurhat APMC
Bihar,5,Samastipur,85,395,Samastipur APMC
Bihar,5,Samastipur,85,3953,Tajpur APMC
Bihar,5,Saran,86,3954,Sonpur APMC
Bihar,5,Sheikhpura,87,3955,Barbigha APMC
Bihar,5,Sheikhpura,87,1492,Shekhpura APMC
Bihar,5,Sheohar,88,3956,Sheohar APMC
Bihar,5,Sitamarhi,89,397,Sitamarhi APMC
Bihar,5,Siwan,90,3957,Maharjganj APMC
Bihar,5,Siwan,90,42,Siwan APMC
Bihar,5,Supaul,91,1488,Birpur APMC
Bihar,5,Supaul,91,1495,Supaul APMC
Bihar,5,Supaul,91,3958,Triveniganj APMC
Bihar,5,Vaishali,92,401,Hajipur APMC
Bihar,5,Vaishali,92,3960,"Jaitipir Mandi, Lalganj block APMC"
Bihar,5,Vaishali,92,3961,"Parsoniya Mandi, Mahua block APMC"
Bihar,5,West Chambaran,93,777,Bettiah APMC
Bihar,5,West Chambaran,93,1483,Narkatiaganj APMC
Bihar,5,West Chambaran,93,3959,Ramnagar APMC
Chandigarh,6,Chandigarh,94,43,Chandigarh (Grain/F&V) APMC
Chattisgarh,7,Janjgeer-Champa,107,2067,Akaltara APMC
Chattisgarh,7,Janjgeer-Champa,107,3225,Baloda(Janjgir Campus) APMC
Chattisgarh,7,Janjgeer-Champa,107,3231,Birra APMC
Chattisgarh,7,Janjgeer-Champa,107,2380,Champa APMC
Chattisgarh,7,Janjgeer-Champa,107,412,Naila APMC
Chattisgarh,7,Janjgeer-Champa,107,3226,Rahod APMC
Chattisgarh,7,Janjgeer-Champa,107,3224,Shivrinarayanpur APMC
Chattisgarh,7,Koriya,114,2392,Baikunthpur APMC
Chattisgarh,7,Gourela Pendra Marwahi,740,2379,Pendraroad APMC
Chattisgarh,7,Khairagarh Chhuikhadan Gandai,741,2373,Gandai APMC
Chattisgarh,7,Khairagarh Chhuikhadan Gandai,741,2063,Kheragarh APMC
Chattisgarh,7,Manendragarh Chirmiri Bhartpur,742,2393,Manendragarh APMC
Chattisgarh,7,Mohla Manpur Ambagarh Chouki,743,3211,Ambagarh Chowki APMC
Chattisgarh,7,Mohla Manpur Ambagarh Chouki,743,2062,Bandhabazar APMC
Chattisgarh,7,Sakti,744,2381,Amandula APMC
Chattisgarh,7,Sakti,744,3228,Baradwar APMC
Chattisgarh,7,Sakti,744,3227,Chandrapur APMC
Chattisgarh,7,Sakti,744,3229,Hasoad APMC
Chattisgarh,7,Sakti,744,2382,Jaijaipur APMC
Chattisgarh,7,Sakti,744,3230,Kotmi APMC
Chattisgarh,7,Sakti,744,413,Sakti APMC
Chattisgarh,7,Sarangarh Bilaigarh,745,2383,Baramkela APMC
Chattisgarh,7,Sarangarh Bilaigarh,745,2370,Bhatgaon APMC
Chattisgarh,7,Sarangarh Bilaigarh,745,3236,Kedar APMC
Chattisgarh,7,Sarangarh Bilaigarh,745,2069,Sarangarh APMC
Chattisgarh,7,Sarangarh Bilaigarh,745,3235,Sariya APMC
Chattisgarh,7,Sarangarh Bilaigarh,745,3172,Sarsiwan APMC
Chattisgarh,7,Balod,95,407,Balod APMC
Chattisgarh,7,Balod,95,3203,Dondi APMC
Chattisgarh,7,Balod,95,3202,Dondilohara APMC
Chattisgarh,7,Balod,95,3204,Gurur APMC
Chattisgarh,7,Balodabazar,96,2371,Balodabazar APMC
Chattisgarh,7,Balodabazar,96,404,Bhatapara APMC
Chattisgarh,7,Balodabazar,96,2056,Kasdol APMC
Chattisgarh,7,Balodabazar,96,3168,Palari APMC
Chattisgarh,7,Balodabazar,96,3169,Pangaon APMC
Chattisgarh,7,Balodabazar,96,3165,Simga APMC
Chattisgarh,7,Balrampur,97,3241,Bariya APMC
Chattisgarh,7,Balrampur,97,2391,Kusmee APMC
Chattisgarh,7,Balrampur,97,3242,Rajpur APMC
Chattisgarh,7,Balrampur,97,2387,Ramanujganj APMC
Chattisgarh,7,Bastar,98,3250,Bastar APMC
Chattisgarh,7,Bastar,98,3252,Devda APMC
Chattisgarh,7,Bastar,98,417,Jagdalpur APMC
Chattisgarh,7,Bastar,98,3247,Jaitgiri APMC
Chattisgarh,7,Bastar,98,3251,Karpawand APMC
Chattisgarh,7,Bastar,98,3246,Lohandiguda APMC
Chattisgarh,7,Bastar,98,3248,Muli APMC
Chattisgarh,7,Bastar,98,3249,Tokapal APMC
Chattisgarh,7,Bemetara,99,2061,Bemetara APMC
Chattisgarh,7,Bemetara,99,3466,Bemetara(Navagarh) APMC
Chattisgarh,7,Bemetara,99,3465,Bemetara(Thankhamaria) APMC
Chattisgarh,7,Bemetara,99,3207,Berla APMC
Chattisgarh,7,Bemetara,99,3519,Dadhi APMC
Chattisgarh,7,Bemetara,99,3206,Saja APMC
Chattisgarh,7,Bemetara,99,3209,Sambalpur (Bemetra) APMC
Chattisgarh,7,Bijapur,100,3273,Bharamgarh APMC
Chattisgarh,7,Bijapur,100,2397,Bhopalpattnam APMC
Chattisgarh,7,Bijapur,100,2396,Bijapur APMC
Chattisgarh,7,Bilaspur,101,3216,Bartori APMC
Chattisgarh,7,Bilaspur,101,3217,Beltara APMC
Chattisgarh,7,Bilaspur,101,410,Bilaspur APMC
Chattisgarh,7,Bilaspur,101,3215,Bilha APMC
Chattisgarh,7,Bilaspur,101,2066,Jairamnagar APMC
Chattisgarh,7,Bilaspur,101,2378,Kota APMC
Chattisgarh,7,Bilaspur,101,3222,Ratanpur APMC
Chattisgarh,7,Bilaspur,101,3221,Sakri APMC
Chattisgarh,7,Bilaspur,101,2064,Takhatpur APMC
Chattisgarh,7,Bilaspur,101,3218,Tiphra APMC
Chattisgarh,7,Dantewada,102,2395,Gidam APMC
Chattisgarh,7,Dhamtari,103,3187,Aamdi APMC
Chattisgarh,7,Dhamtari,103,3196,Belarbahara APMC
Chattisgarh,7,Dhamtari,103,3195,Belargaon APMC
Chattisgarh,7,Dhamtari,103,3192,Belora APMC
Chattisgarh,7,Dhamtari,103,3189,Bhakhara APMC
Chattisgarh,7,Dhamtari,103,3193,Bhendri APMC
Chattisgarh,7,Dhamtari,103,3194,Boraee APMC
Chattisgarh,7,Dhamtari,103,3188,Chhati APMC
Chattisgarh,7,Dhamtari,103,175,Dhamtari APMC
Chattisgarh,7,Dhamtari,103,3197,Gattasilli APMC
Chattisgarh,7,Dhamtari,103,176,Kurud APMC
Chattisgarh,7,Dhamtari,103,3190,Magarload APMC
Chattisgarh,7,Dhamtari,103,2377,Nagari APMC
Chattisgarh,7,Dhamtari,103,3198,Risgaon APMC
Chattisgarh,7,Dhamtari,103,3191,Sirri APMC
Chattisgarh,7,Durg,104,3201,Ahivara APMC
Chattisgarh,7,Durg,104,3200,Dhamdha APMC
Chattisgarh,7,Durg,104,406,Durg APMC
Chattisgarh,7,Durg,104,3199,Patan APMC
Chattisgarh,7,Gariyaband,105,3173,Chura APMC
Chattisgarh,7,Gariyaband,105,3174,Devbhog APMC
Chattisgarh,7,Gariyaband,105,2057,Gariyaband APMC
Chattisgarh,7,Gariyaband,105,3170,Phingeshwer APMC
Chattisgarh,7,Gariyaband,105,1097,Rajim APMC
Chattisgarh,7,Jashpur,108,422,Jashpur APMC
Chattisgarh,7,Jashpur,108,3238,Kotba APMC
Chattisgarh,7,Jashpur,108,2385,Kunkuri APMC
Chattisgarh,7,Jashpur,108,2384,Pathalgaon APMC
Chattisgarh,7,Kabirdham,109,3468,Biranpur kalan (Sahaspur Lohra) APMC
Chattisgarh,7,Kabirdham,109,409,Kawardha APMC
Chattisgarh,7,Kabirdham,109,3214,Kunda APMC
Chattisgarh,7,Kabirdham,109,2372,Pandariya APMC
Chattisgarh,7,Kabirdham,109,3213,Pipriya APMC
Chattisgarh,7,Kanker,110,3264,Amoda APMC
Chattisgarh,7,Kanker,110,3263,Antagarh APMC
Chattisgarh,7,Kanker,110,3267,Bardewri APMC
Chattisgarh,7,Kanker,110,3271,Bhanupratappur APMC
Chattisgarh,7,Kanker,110,2073,Charama APMC
Chattisgarh,7,Kanker,110,3266,Dudhawa APMC
Chattisgarh,7,Kanker,110,419,KRISHI UPAJ MANDI SAMITI (APMC) KANKER
Chattisgarh,7,Kanker,110,3270,Korar APMC
Chattisgarh,7,Kanker,110,3268,Lakhanpuri APMC
Chattisgarh,7,Kanker,110,3269,Narharpur APMC
Chattisgarh,7,Kanker,110,3792,Pakhanjur APMC
Chattisgarh,7,Kanker,110,2394,Sambalpur APMC
Chattisgarh,7,Kanker,110,3265,Sarona APMC
Chattisgarh,7,Kondagaon,112,3255,Bededonger APMC
Chattisgarh,7,Kondagaon,112,3258,Chhinari APMC
Chattisgarh,7,Kondagaon,112,3260,Dhanora APMC
Chattisgarh,7,Kondagaon,112,3262,Gamhari APMC
Chattisgarh,7,Kondagaon,112,3257,Hirapur APMC
Chattisgarh,7,Kondagaon,112,2071,Keshkal APMC
Chattisgarh,7,Kondagaon,112,418,Kondagoan APMC
Chattisgarh,7,Kondagaon,112,3256,Makdi APMC
Chattisgarh,7,Kondagaon,112,3259,Mardapal APMC
Chattisgarh,7,Kondagaon,112,3254,Pharasgaon APMC
Chattisgarh,7,Kondagaon,112,3261,Vishrampur APMC
Chattisgarh,7,Korba,113,2068,Katghora APMC
Chattisgarh,7,Korba,113,3520,Kathghora(Kharmora) APMC
Chattisgarh,7,Mahasamund,115,2058,Bagbahra APMC
Chattisgarh,7,Mahasamund,115,3180,Baloda APMC
Chattisgarh,7,Mahasamund,115,421,Basana APMC
Chattisgarh,7,Mahasamund,115,3182,Bhavarpur APMC
Chattisgarh,7,Mahasamund,115,3178,Bheemkhoj APMC
Chattisgarh,7,Mahasamund,115,3176,Bhoring APMC
Chattisgarh,7,Mahasamund,115,3185,Bhurkoni APMC
Chattisgarh,7,Mahasamund,115,3175,Jhalap APMC
Chattisgarh,7,Mahasamund,115,3179,Komakhan APMC
Chattisgarh,7,Mahasamund,115,408,Mahasamund APMC
Chattisgarh,7,Mahasamund,115,3186,Pirda APMC
Chattisgarh,7,Mahasamund,115,2060,Pithoura APMC
Chattisgarh,7,Mahasamund,115,3184,Sakra APMC
Chattisgarh,7,Mahasamund,115,2059,Saraypali APMC
Chattisgarh,7,Mahasamund,115,3183,Singhanpur APMC
Chattisgarh,7,Mahasamund,115,3177,Tendukona APMC
Chattisgarh,7,Mahasamund,115,3181,Toshgaon APMC
Chattisgarh,7,Mungeli,116,2065,Lormi APMC
Chattisgarh,7,Mungeli,116,411,Mungeli APMC
Chattisgarh,7,Mungeli,116,3220,Pathriya APMC
Chattisgarh,7,Mungeli,116,3219,Sargaon APMC
Chattisgarh,7,Narayanpur,117,2072,Narayanpur APMC
Chattisgarh,7,Raigarh,119,3234,Chikhli APMC
Chattisgarh,7,Raigarh,119,3239,Dharamjaygarh APMC
Chattisgarh,7,Raigarh,119,2070,Gharghoda APMC
Chattisgarh,7,Raigarh,119,415,Kharsiya APMC
Chattisgarh,7,Raigarh,119,3233,Pusor APMC
Chattisgarh,7,Raigarh,119,414,Raigarh APMC
Chattisgarh,7,Raigarh,119,3237,Salihabhata APMC
Chattisgarh,7,Raipur,120,2055,Abhanpur APMC
Chattisgarh,7,Raipur,120,2054,Arang APMC
Chattisgarh,7,Raipur,120,3167,Bhaisa APMC
Chattisgarh,7,Raipur,120,3171,Kharora APMC
Chattisgarh,7,Raipur,120,3166,Mandirhasoad APMC
Chattisgarh,7,Raipur,120,3208,Navagaon APMC
Chattisgarh,7,Raipur,120,183,Navapara APMC
Chattisgarh,7,Raipur,120,405,Neora APMC
Chattisgarh,7,Raipur,120,189,Raipur APMC
Chattisgarh,7,Raipur,120,3163,Silyari APMC
Chattisgarh,7,Raipur,120,3164,Tulsi APMC
Chattisgarh,7,Rajnandgaon,121,2374,Chhuria APMC
Chattisgarh,7,Rajnandgaon,121,2375,Dongargaon APMC
Chattisgarh,7,Rajnandgaon,121,2376,Dongargarh APMC
Chattisgarh,7,Rajnandgaon,121,184,Rajnandgaon APMC
Chattisgarh,7,Sukma,122,3272,Doranpal APMC
Chattisgarh,7,Sukma,122,420,Konta APMC
Chattisgarh,7,Sukma,122,3253,Kukanar APMC
Chattisgarh,7,Sukma,122,3518,Sukma APMC
Chattisgarh,7,Surajpur,123,2389,Pratappur APMC
Chattisgarh,7,Surajpur,123,2390,Surajpur APMC
Chattisgarh,7,Surguja,124,416,Ambikapur APMC
Chattisgarh,7,Surguja,124,3244,Kakni APMC
Chattisgarh,7,Surguja,124,3243,Raghunathpur APMC
Chattisgarh,7,Surguja,124,2388,Sitapur APMC
Chattisgarh,7,Surguja,124,3245,Udaypur APMC
Dadra and Nagar Haveli,8,Dadra & Nagar Haveli,125,49,Silvassa APMC
Daman and Diu,9,Daman,127,45,Daman APMC
Daman and Diu,9,Daman,127,46,Diu APMC
Goa,10,North Goa,129,3126,Goa State Horticultural Corporation Ltd.
Goa,10,North Goa,129,802,Mapusa APMC
Goa,10,North Goa,129,3020,Pernem APMC
Goa,10,North Goa,129,3125,"Ponda, Bagayatdar Bhawan APMC"
Goa,10,North Goa,129,804,Sanquelim APMC
Goa,10,North Goa,129,3019,Valpoi APMC
Goa,10,South Goa,130,806,Canacona APMC
Goa,10,South Goa,130,805,Curchorem APMC
Goa,10,South Goa,130,68,Margao APMC
Goa,10,South Goa,130,803,Ponda APMC
Gujarat,11,Ahmedabad,131,66,Ahmedabad APMC
Gujarat,11,Ahmedabad,131,2543,Ahmedabad(Chimanbhai Patal Market Vasana) APMC
Gujarat,11,Ahmedabad,131,2541,"Ahmedabad(Fruit Market, Naroda) APMC"
Gujarat,11,Ahmedabad,131,2764,Ahmedabad(Manekchowk) APMC
Gujarat,11,Ahmedabad,131,2542,Ahmedabad(Rajnagar sub yard) APMC
Gujarat,11,Ahmedabad,131,2275,Barvala APMC
Gujarat,11,Ahmedabad,131,1250,Bavla APMC
Gujarat,11,Ahmedabad,131,426,Dhandhuka APMC
Gujarat,11,Ahmedabad,131,2544,Dhandkuka(Dholera) APMC
Gujarat,11,Ahmedabad,131,1254,Dholka APMC
Gujarat,11,Ahmedabad,131,2765,Dholka(Koth) APMC
Gujarat,11,Ahmedabad,131,2592,Dholka(Market Yard Veg) APMC
Gujarat,11,Ahmedabad,131,2273,Mandal APMC
Gujarat,11,Ahmedabad,131,2276,Rampura APMC
Gujarat,11,Ahmedabad,131,2274,Ranpur APMC
Gujarat,11,Ahmedabad,131,425,Sanad APMC
Gujarat,11,Ahmedabad,131,427,Viramgam APMC
Gujarat,11,Amreli,132,1624,APMC Bagasara
Gujarat,11,Amreli,132,2296,APMC KHAMBHA
Gujarat,11,Amreli,132,1560,Babra APMC
Gujarat,11,Amreli,132,1626,Damnagar APMC
Gujarat,11,Amreli,132,2295,Dhari APMC
Gujarat,11,Amreli,132,2634,Dhari(Chalala) APMC
Gujarat,11,Amreli,132,1099,Lathi APMC
Gujarat,11,Amreli,132,4769,Rajula (Dungar) APMC
Gujarat,11,Amreli,132,430,Rajula APMC
Gujarat,11,Amreli,132,1625,Savarkundla APMC
Gujarat,11,Amreli,132,429,The Agricultural Produce Market Committee-Amreli
Gujarat,11,Amreli,132,2297,Timbi APMC
Gujarat,11,Anand,133,440,APMC ANAND
Gujarat,11,Anand,133,2571,"Anand(Veg,Yard,Anand) APMC"
Gujarat,11,Anand,133,2599,Anklav APMC
Gujarat,11,Anand,133,1264,Borsad APMC
Gujarat,11,Anand,133,2279,Borsad(Asodar) APMC
Gujarat,11,Anand,133,2598,Borsad(Veg Yard Barsad) APMC
Gujarat,11,Anand,133,67,Khambhat APMC
Gujarat,11,Anand,133,2572,Khambhat(Grain Market) APMC
Gujarat,11,Anand,133,2573,Khambhat(Veg Yard Khambhat) APMC
Gujarat,11,Anand,133,1263,Petlad APMC
Gujarat,11,Anand,133,2597,"Petlad(Veg Yard, Petlad) APMC"
Gujarat,11,Anand,133,2278,Sojitra APMC
Gujarat,11,Anand,133,2277,Tarapur APMC
Gujarat,11,Anand,133,1265,Umreth APMC
Gujarat,11,Banaskanth,135,2763,Ahmedabad(Flower Market Jamalpur) APMC
Gujarat,11,Banaskanth,135,2314,Amirgadh APMC
Gujarat,11,Banaskanth,135,431,Banaskantha APMC
Gujarat,11,Banaskanth,135,1554,Bhabhar APMC
Gujarat,11,Banaskanth,135,2313,Danta APMC
Gujarat,11,Banaskanth,135,50,Deesa APMC
Gujarat,11,Banaskanth,135,2561,Deesa(Bhildi) APMC
Gujarat,11,Banaskanth,135,2774,Deesa(Deesa Veg Yard) APMC
Gujarat,11,Banaskanth,135,51,Dhanera APMC
Gujarat,11,Banaskanth,135,2775,Dhanera(Samarwada) APMC
Gujarat,11,Banaskanth,135,2563,"Dhanera(Veg,Yard Dhanera) APMC"
Gujarat,11,Banaskanth,135,2777,Diyodar APMC
Gujarat,11,Banaskanth,135,2562,Lakhani APMC
Gujarat,11,Banaskanth,135,1100,Palanpur APMC
Gujarat,11,Banaskanth,135,2560,"Palanpur(Veg,Yard Palanpur) APMC"
Gujarat,11,Banaskanth,135,1556,Panthawada APMC
Gujarat,11,Banaskanth,135,1553,Thara APMC
Gujarat,11,Banaskanth,135,2776,Thara(Shihori) APMC
Gujarat,11,Banaskanth,135,1531,Tharad APMC
Gujarat,11,Banaskanth,135,2607,Tharad(Rah) APMC
Gujarat,11,Banaskanth,135,2316,Vadgam APMC
Gujarat,11,Banaskanth,135,2315,Vav APMC
Gujarat,11,Bharuch,136,1270,Amod APMC
Gujarat,11,Bharuch,136,434,Ankleshwar APMC
Gujarat,11,Bharuch,136,2579,Baruch Vagara APMC
Gujarat,11,Bharuch,136,54,Bharuch APMC
Gujarat,11,Bharuch,136,2282,Hasot APMC
Gujarat,11,Bharuch,136,2630,Hasot(Elav) APMC
Gujarat,11,Bharuch,136,1271,Jambusar APMC
Gujarat,11,Bharuch,136,2604,Jambusar(Kaavi) APMC
Gujarat,11,Bharuch,136,1557,Jhagadiya APMC
Gujarat,11,Bharuch,136,1544,Valia APMC
Gujarat,11,Bharuch,136,2620,Valia(Nethrang) APMC
Gujarat,11,Bhavnagar,137,433,Bhavnagar APMC
Gujarat,11,Bhavnagar,137,2305,Gariyadar APMC
Gujarat,11,Bhavnagar,137,55,Mahuva(Station Road) APMC
Gujarat,11,Bhavnagar,137,1598,Palitana APMC
Gujarat,11,Bhavnagar,137,2306,Taleja APMC
Gujarat,11,Botad,138,1102,Botad APMC
Gujarat,11,Botad,138,2568,Botad(Bhabarkot) APMC
Gujarat,11,Botad,138,2785,Botad(Haddad) APMC
Gujarat,11,Botad,138,2307,Gadada APMC
Gujarat,11,Chhota Udaipur,139,432,Bodeliu APMC
Gujarat,11,Chhota Udaipur,139,2790,Chachack  APMC
Gujarat,11,Chhota Udaipur,139,2578,Hadad     APMC
Gujarat,11,Chhota Udaipur,139,2639,Jetpur-Pavi APMC
Gujarat,11,Chhota Udaipur,139,2577,Kalediya APMC
Gujarat,11,Chhota Udaipur,139,2789,Modasar APMC
Gujarat,11,Chhota Udaipur,139,2792,Panvad APMC
Gujarat,11,Chhota Udaipur,139,2552,Tejgarh APMC
Gujarat,11,Chhota Udaipur,139,2791,Thalkala APMC
Gujarat,11,Dahod,140,56,Dahod APMC
Gujarat,11,Dahod,140,2548,Dahod(Garbada) APMC
Gujarat,11,Dahod,140,2550,Dahod(Himalaya) APMC
Gujarat,11,Dahod,140,2767,Dahod(Jesavada) APMC
Gujarat,11,Dahod,140,2549,Dahod(Veg. Market) APMC
Gujarat,11,Dahod,140,2769,Davgadbaria(Piplod) APMC
Gujarat,11,Dahod,140,1266,Devgadhbaria APMC
Gujarat,11,Dahod,140,1267,Jhalod APMC
Gujarat,11,Dahod,140,1205,Limkheda APMC
Gujarat,11,Dahod,140,2600,Zalod(Sanjeli) APMC
Gujarat,11,Dahod,140,2768,Zalod(Zalod) APMC
Gujarat,11,Dang,141,3854,Vaghai APMC
Gujarat,11,Devbhumi Dwarka,142,2602,Bhanvad APMC
Gujarat,11,Devbhumi Dwarka,142,1622,Jam Khambalia APMC
Gujarat,11,Gandhinagar,143,1098,Dehgam APMC
Gujarat,11,Gandhinagar,143,2632,Dehgam(Rekhiyal) APMC
Gujarat,11,Gandhinagar,143,443,Kalol APMC
Gujarat,11,Gandhinagar,143,2556,"Kalol(Veg,Market,Kalol) APMC"
Gujarat,11,Gandhinagar,143,1249,Mansa APMC
Gujarat,11,Gandhinagar,143,2584,Mansa(Manas Veg Yard) APMC
Gujarat,11,Gandhinagar,143,428,Radheja APMC
Gujarat,11,Gandhinagar,143,2555,Randheja(Chiloda) APMC
Gujarat,11,Gandhinagar,143,2554,Randheja(Veg.Market Gandhinagar) APMC
Gujarat,11,Gir Somnath,144,1618,Kodinar APMC
Gujarat,11,Gir Somnath,144,787,Talalagir APMC
Gujarat,11,Gir Somnath,144,439,Una APMC
Gujarat,11,Gir Somnath,144,2301,Veraval APMC
Gujarat,11,Jamnagar,145,2309,Bhatiya APMC
Gujarat,11,Jamnagar,145,2308,Dhrol APMC
Gujarat,11,Jamnagar,145,1623,Jam Jodhpur APMC
Gujarat,11,Jamnagar,145,437,Jamnagar APMC
Gujarat,11,Jamnagar,145,2586,Jodiya APMC
Gujarat,11,Jamnagar,145,1103,Kalawad APMC
Gujarat,11,Jamnagar,145,2585,Lalpur APMC
Gujarat,11,Junagarh,146,2298,Bhesan APMC
Gujarat,11,Junagarh,146,438,Junagadh APMC
Gujarat,11,Junagarh,146,2567,"Junagadh(Veg,Yard, Junagadh) APMC"
Gujarat,11,Junagarh,146,2299,Keshod APMC
Gujarat,11,Junagarh,146,2594,Kodinar(Dollasa) APMC
Gujarat,11,Junagarh,146,1536,Malia Hatina APMC
Gujarat,11,Junagarh,146,1619,Manavdar APMC
Gujarat,11,Junagarh,146,1620,Mangrol APMC
Gujarat,11,Junagarh,146,1621,Talala APMC
Gujarat,11,Junagarh,146,2300,Vanthli APMC
Gujarat,11,Junagarh,146,1535,Visavadar APMC
Gujarat,11,Kachchh,147,2284,Abadasa APMC
Gujarat,11,Kachchh,147,1256,Anjar APMC
Gujarat,11,Kachchh,147,2595,"Anjar(Veg,Sub Yard) APMC"
Gujarat,11,Kachchh,147,1257,Bachau APMC
Gujarat,11,Kachchh,147,441,Bhuj APMC
Gujarat,11,Kachchh,147,1104,K.Mandvi APMC
Gujarat,11,Kachchh,147,1259,Mundra APMC
Gujarat,11,Kachchh,147,2283,Nakhatrana APMC
Gujarat,11,Kachchh,147,1258,Rapar APMC
Gujarat,11,Kheda,148,1540,Balasinor APMC
Gujarat,11,Kheda,148,2605,Kapadanj(Moti Jaher) APMC
Gujarat,11,Kheda,148,1275,Kapadvanj APMC
Gujarat,11,Kheda,148,1144,Kathlal APMC
Gujarat,11,Kheda,148,2311,Kheda APMC
Gujarat,11,Kheda,148,2615,Kheda(Nayaka) APMC
Gujarat,11,Kheda,148,1538,Matar APMC
Gujarat,11,Kheda,148,2613,Matar(Limbasi) APMC
Gujarat,11,Kheda,148,1260,Mehmadabad APMC
Gujarat,11,Kheda,148,2596,"Mehmadabad(Veg ,market) APMC"
Gujarat,11,Kheda,148,57,Nadiad APMC
Gujarat,11,Kheda,148,2569,Nadiyad(Chaklasi) APMC
Gujarat,11,Kheda,148,2570,Nadiyad(Piplag) APMC
Gujarat,11,Kheda,148,1539,Thasara APMC
Gujarat,11,Kheda,148,2614,Thasara(Dokar) APMC
Gujarat,11,Kheda,148,2312,Virpur APMC
Gujarat,11,Mehsana,150,1530,Becharaji APMC
Gujarat,11,Mehsana,150,1255,Kadi APMC
Gujarat,11,Mehsana,150,2593,Kadi(Kadi cotton Yard) APMC
Gujarat,11,Mehsana,150,442,Mehsana APMC
Gujarat,11,Mehsana,150,2772,Mehsana(Jornang) APMC
Gujarat,11,Mehsana,150,2773,Mehsana(Mehsana Veg) APMC
Gujarat,11,Mehsana,150,1261,Unava APMC
Gujarat,11,Mehsana,150,58,Unjha APMC
Gujarat,11,Mehsana,150,1529,Vadnagar APMC
Gujarat,11,Mehsana,150,2606,Vadnagar(Kheralu) APMC
Gujarat,11,Mehsana,150,1106,Vijapur APMC
Gujarat,11,Mehsana,150,2558,Vijapur(Gojjariya) APMC
Gujarat,11,Mehsana,150,2557,Vijapur(Kukarvada) APMC
Gujarat,11,Mehsana,150,2770,Vijapur(Ladol) APMC
Gujarat,11,Mehsana,150,2771,Vijapur(Vegetable) APMC
Gujarat,11,Mehsana,150,59,Visnagar APMC
Gujarat,11,Morbi,151,2638,APMC HALVAD
Gujarat,11,Morbi,151,62,Morbi APMC
Gujarat,11,Morbi,151,1616,Vankaner APMC
Gujarat,11,Morbi,151,3374,Vankaner(Sub yard) APMC
Gujarat,11,Narmada,152,1269,Dediyapada APMC
Gujarat,11,Narmada,152,2601,Garudeshwal APMC
Gujarat,11,Narmada,152,1268,Rajpipla APMC
Gujarat,11,Narmada,152,1545,Selemba APMC
Gujarat,11,Narmada,152,2621,Selemba(Navgam Javli) APMC
Gujarat,11,Narmada,152,2304,Tilakwada APMC
Gujarat,11,Navsari,153,1146,Bilimora APMC
Gujarat,11,Navsari,153,2633,Bilimora(Gandevi) APMC
Gujarat,11,Navsari,153,436,Chikhali APMC
Gujarat,11,Navsari,153,1273,Navsari APMC
Gujarat,11,Navsari,153,1558,Vansda APMC
Gujarat,11,Navsari,153,2628,Vansda(Limzar) APMC
Gujarat,11,Panchmahals,154,1107,Derol APMC
Gujarat,11,Panchmahals,154,2575,Derol(Adadara) APMC
Gujarat,11,Panchmahals,154,2779,Derol(Vejalpur) APMC
Gujarat,11,Panchmahals,154,445,Godhra APMC
Gujarat,11,Panchmahals,154,2778,Godhra Kakanpur APMC
Gujarat,11,Panchmahals,154,2574,Godhra(Timbaroad) APMC
Gujarat,11,Panchmahals,154,1541,Gogamba APMC
Gujarat,11,Panchmahals,154,2617,Gogamba(Similiya) APMC
Gujarat,11,Panchmahals,154,2290,Halol APMC
Gujarat,11,Panchmahals,154,2292,Khanpur APMC
Gujarat,11,Panchmahals,154,779,Lunavada APMC
Gujarat,11,Panchmahals,154,2616,Lunavada(Kobamba) APMC
Gujarat,11,Panchmahals,154,2289,Morva Hafad APMC
Gujarat,11,Panchmahals,154,446,Santrampur APMC
Gujarat,11,Panchmahals,154,2576,Santrampur(Fathaepura) APMC
Gujarat,11,Panchmahals,154,2291,Shehra APMC
Gujarat,11,Patan,155,1251,Chansama APMC
Gujarat,11,Patan,155,1105,Harij APMC
Gujarat,11,Patan,155,444,Patan APMC
Gujarat,11,Patan,155,2559,"Patan(Veg,Yard Patan) APMC"
Gujarat,11,Patan,155,1101,Radhanpur APMC
Gujarat,11,Patan,155,2293,Sami APMC
Gujarat,11,Patan,155,1262,Siddhpur APMC
Gujarat,11,Patan,155,2637,Varahi APMC
Gujarat,11,Porbandar,156,2310,Kutiyana APMC
Gujarat,11,Porbandar,156,1537,Porbandar APMC
Gujarat,11,Rajkot,157,1253,Dhoraji APMC
Gujarat,11,Rajkot,157,61,Gondal APMC
Gujarat,11,Rajkot,157,2546,Gondal(Veg.market Gondal) APMC
Gujarat,11,Rajkot,157,1617,Jamkandorna APMC
Gujarat,11,Rajkot,157,780,Jasdan APMC
Gujarat,11,Rajkot,157,2591,Jasdan(Vichhiya) APMC
Gujarat,11,Rajkot,157,1615,Jetpur(Dist.Rajkot) APMC
Gujarat,11,Rajkot,157,60,Rajkot APMC
Gujarat,11,Rajkot,157,2545,Rajkot(Veg.Sub Yard) APMC
Gujarat,11,Rajkot,157,781,Upleta APMC
Gujarat,11,Sabarkantha,158,1252,APMCKHEDBRAHMA
Gujarat,11,Sabarkantha,158,783,Bayad APMC
Gujarat,11,Sabarkantha,158,2609,Bayad(Demai) APMC
Gujarat,11,Sabarkantha,158,2610,Bayad(Sadamba) APMC
Gujarat,11,Sabarkantha,158,1534,Bhiloda APMC
Gujarat,11,Sabarkantha,158,1533,Dhansura APMC
Gujarat,11,Sabarkantha,158,447,Himatnagar APMC
Gujarat,11,Sabarkantha,158,2564,Himatnagar(Gambhoi) APMC
Gujarat,11,Sabarkantha,158,2565,Himatnagar(Veg.Market Himatnagar) APMC
Gujarat,11,Sabarkantha,158,782,Idar APMC
Gujarat,11,Sabarkantha,158,2589,Idar(Jadar) APMC
Gujarat,11,Sabarkantha,158,2587,Khedbrahma(Lambadia) APMC
Gujarat,11,Sabarkantha,158,2588,Khedbrahma(Posina) APMC
Gujarat,11,Sabarkantha,158,2280,Malpur APMC
Gujarat,11,Sabarkantha,158,1532,Meghraj APMC
Gujarat,11,Sabarkantha,158,2608,Meghraj(Rellavada) APMC
Gujarat,11,Sabarkantha,158,784,Modasa APMC
Gujarat,11,Sabarkantha,158,2611,Modasa(Tintoi) APMC
Gujarat,11,Sabarkantha,158,1272,Prantij APMC
Gujarat,11,Sabarkantha,158,2635,Prantij(Salala) APMC
Gujarat,11,Sabarkantha,158,63,Talod APMC
Gujarat,11,Sabarkantha,158,2566,Talod(Harsol) APMC
Gujarat,11,Sabarkantha,158,2281,Vadali APMC
Gujarat,11,Sabarkantha,158,2612,Vijaynagar(Kundlakap) APMC
Gujarat,11,Surat,159,785,Bardoli APMC
Gujarat,11,Surat,159,2623,Bardoli(Kadod) APMC
Gujarat,11,Surat,159,2816,Bardoli(Madhi) APMC
Gujarat,11,Surat,159,2626,KUKARMUNDA APMC
Gujarat,11,Surat,159,1547,Kosamba APMC
Gujarat,11,Surat,159,2793,Kosamba(Vankal) APMC
Gujarat,11,Surat,159,2794,Kosamba(Zangvav) APMC
Gujarat,11,Surat,159,1546,Mahuva APMC
Gujarat,11,Surat,159,2622,Mahuva(Anaval) APMC
Gujarat,11,Surat,159,1686,Mandvi APMC
Gujarat,11,Surat,159,2580,Mandvi(Amba Paradi) APMC
Gujarat,11,Surat,159,1550,Nizar APMC
Gujarat,11,Surat,159,2796,Nizar(Rumkitalav) APMC
Gujarat,11,Surat,159,448,S.Mandvi APMC
Gujarat,11,Surat,159,1559,Songadh APMC
Gujarat,11,Surat,159,2629,Songadh(Badarpada) APMC
Gujarat,11,Surat,159,2795,Songadh(Umrada) APMC
Gujarat,11,Surat,159,64,Surat APMC
Gujarat,11,Surat,159,1548,Uchhal APMC
Gujarat,11,Surat,159,2624,Uchhal(Karod) APMC
Gujarat,11,Surat,159,1549,Valod APMC
Gujarat,11,Surat,159,2625,Valod(Buhari) APMC
Gujarat,11,Surat,159,2581,Vyara(Paati) APMC
Gujarat,11,Surat,159,449,Vyra APMC
Gujarat,11,Surendranagar,160,2627,"Chotial(Veg,Yard) APMC"
Gujarat,11,Surendranagar,160,1551,Chotila APMC
Gujarat,11,Surendranagar,160,2590,"Chotila(Veg,Yard Chotila) APMC"
Gujarat,11,Surendranagar,160,1555,Dasada Patadi APMC
Gujarat,11,Surendranagar,160,2302,Dhragradhra APMC
Gujarat,11,Surendranagar,160,1552,Lakhtar APMC
Gujarat,11,Surendranagar,160,786,Limdi APMC
Gujarat,11,Surendranagar,160,2303,Muli APMC
Gujarat,11,Surendranagar,160,65,Sayala APMC
Gujarat,11,Surendranagar,160,450,Vadhvan APMC
Gujarat,11,The Dangs,162,2640,Ahwa-Dang APMC
Gujarat,11,Vadodara(Baroda),163,53,Chhota Udaipur APMC
Gujarat,11,Vadodara(Baroda),163,2619,Dabhoi(Kayavarohan) APMC
Gujarat,11,Vadodara(Baroda),163,1543,Daboi APMC
Gujarat,11,Vadodara(Baroda),163,1145,Karjan APMC
Gujarat,11,Vadodara(Baroda),163,2285,Kawant APMC
Gujarat,11,Vadodara(Baroda),163,2288,Nasvadi APMC
Gujarat,11,Vadodara(Baroda),163,1147,Padra APMC
Gujarat,11,Vadodara(Baroda),163,1542,Savli APMC
Gujarat,11,Vadodara(Baroda),163,2788,Savli(Desar) APMC
Gujarat,11,Vadodara(Baroda),163,2618,Savli(Samlaya) APMC
Gujarat,11,Vadodara(Baroda),163,2286,Shinor APMC
Gujarat,11,Vadodara(Baroda),163,52,Vadodara APMC
Gujarat,11,Vadodara(Baroda),163,2786,Vadodara(Navapura) APMC
Gujarat,11,Vadodara(Baroda),163,2551,Vadodara(Sayajipura) APMC
Gujarat,11,Vadodara(Baroda),163,2287,Vagodiya APMC
Gujarat,11,Valsad,164,2582,Chikli(Khorgam) APMC
Gujarat,11,Valsad,164,1274,Dharampur(veg) APMC
Gujarat,11,Valsad,164,2294,Pardi APMC
Gujarat,11,Valsad,164,2782,Pardi(Motavagachiya) APMC
Gujarat,11,Valsad,164,2783,Pardi(Rohinee) APMC
Gujarat,11,Valsad,164,2780,Pardi(Ugvada) APMC
Gujarat,11,Valsad,164,2781,Pardi(Vapi) APMC
Gujarat,11,Valsad,164,435,Valsad APMC
Gujarat,11,Valsad,164,2583,Valsad(Dungari) APMC
Haryana,12,Ambala,165,1108,Ambala Cantt. APMC
Haryana,12,Ambala,165,73,Ambala City APMC
Haryana,12,Ambala,165,2441,Ambala City(Subji Mandi) APMC
Haryana,12,Ambala,165,1805,Barara APMC
Haryana,12,Ambala,165,1806,Mullana APMC
Haryana,12,Ambala,165,2442,Mullana(saha) APMC
Haryana,12,Ambala,165,1807,Naneola APMC
Haryana,12,Ambala,165,1808,Naraingarh APMC
Haryana,12,Ambala,165,1809,Shahzadpur APMC
Haryana,12,Bhiwani,166,1816,Behal APMC
Haryana,12,Bhiwani,166,453,Bhiwani APMC
Haryana,12,Bhiwani,166,1109,Ch. Dadri APMC
Haryana,12,Bhiwani,166,1817,Jui APMC
Haryana,12,Bhiwani,166,1818,Loharu APMC
Haryana,12,Bhiwani,166,1820,Siwani APMC
Haryana,12,Bhiwani,166,1819,Tosham APMC
Haryana,12,Faridabad,167,1110,Ballabhgarh APMC
Haryana,12,Faridabad,167,4664,Faridabad APMC
Haryana,12,Faridabad,167,2910,"New Grain Market , Faridabad APMC"
Haryana,12,Fatehabad,168,1831,Bhattu Kalan APMC
Haryana,12,Fatehabad,168,1832,Bhuna APMC
Haryana,12,Fatehabad,168,1835,Dharsul APMC
Haryana,12,Fatehabad,168,75,Fatehabad APMC
Haryana,12,Fatehabad,168,1833,Jakhal APMC
Haryana,12,Fatehabad,168,1834,Ratia APMC
Haryana,12,Fatehabad,168,807,Tohana APMC
Haryana,12,Fatehabad,168,2443,Tohana(New Veg Market) APMC
Haryana,12,Gurgaon,169,1823,Farukh Nagar APMC
Haryana,12,Gurgaon,169,459,Gurgaon APMC
Haryana,12,Gurgaon,169,1825,Pataudi APMC
Haryana,12,Gurgaon,169,1111,Sohna APMC
Haryana,12,Hissar,170,77,Adampur APMC
Haryana,12,Hissar,170,2447,Adampur(Agroha) APMC
Haryana,12,Hissar,170,1828,Barwala(Hisar) APMC
Haryana,12,Hissar,170,2446,Bass APMC
Haryana,12,Hissar,170,1112,Hansi APMC
Haryana,12,Hissar,170,2445,Hansi(Sisai) APMC
Haryana,12,Hissar,170,78,Hissar APMC
Haryana,12,Hissar,170,1830,Narnaund APMC
Haryana,12,Hissar,170,1829,Uklana APMC
Haryana,12,Jhajar,171,1865,Bahadurgarh APMC
Haryana,12,Jhajar,171,3363,Beri APMC
Haryana,12,Jhajar,171,456,Jhajjar APMC
Haryana,12,Jind,172,460,Jind APMC
Haryana,12,Jind,172,1836,Jullana APMC
Haryana,12,Jind,172,79,Narwana APMC
Haryana,12,Jind,172,2924,"New Grain Market , Jind APMC"
Haryana,12,Jind,172,1837,Pillukhera APMC
Haryana,12,Jind,172,80,Safidon APMC
Haryana,12,Jind,172,1838,Uchana APMC
Haryana,12,Kaithal,173,84,Cheeka APMC
Haryana,12,Kaithal,173,1839,Dhand APMC
Haryana,12,Kaithal,173,81,Kaithal APMC
Haryana,12,Kaithal,173,1841,Kalayat APMC
Haryana,12,Kaithal,173,1843,Pai APMC
Haryana,12,Kaithal,173,1840,Pundri APMC
Haryana,12,Kaithal,173,2448,Rajound APMC
Haryana,12,Kaithal,173,1842,Siwan APMC
Haryana,12,Karnal,174,83,Asandh APMC
Haryana,12,Karnal,174,1844,Gharaunda APMC
Haryana,12,Karnal,174,1845,Indri APMC
Haryana,12,Karnal,174,1846,Jundla APMC
Haryana,12,Karnal,174,1847,Kunjpura APMC
Haryana,12,Karnal,174,2925,"New Grain Market(main), Karnal APMC"
Haryana,12,Karnal,174,1848,Nigdu APMC
Haryana,12,Karnal,174,1849,Nilokheri APMC
Haryana,12,Karnal,174,1850,Nissing APMC
Haryana,12,Karnal,174,82,Tarori APMC
Haryana,12,Kurukshetra,175,1856,Babain APMC
Haryana,12,Kurukshetra,175,88,Iamailabad APMC
Haryana,12,Kurukshetra,175,85,Ladwa APMC
Haryana,12,Kurukshetra,175,86,Pehowa APMC
Haryana,12,Kurukshetra,175,2449,Pehowa(Gumthala Gahru) APMC
Haryana,12,Kurukshetra,175,1855,Pipli APMC
Haryana,12,Kurukshetra,175,89,Shahabad APMC
Haryana,12,Kurukshetra,175,87,Thanesar APMC
Haryana,12,Mahendragarh-Narnaul,176,1857,Ateli APMC
Haryana,12,Mahendragarh-Narnaul,176,1858,Khanina APMC
Haryana,12,Mahendragarh-Narnaul,176,1113,Mohindergarh APMC
Haryana,12,Mahendragarh-Narnaul,176,458,Narnaul APMC
Haryana,12,Mewat,177,2444,FerozpurZirkha(Nagina) APMC
Haryana,12,Mewat,177,1822,Hathin APMC
Haryana,12,Mewat,177,1824,Nuh APMC
Haryana,12,Mewat,177,1826,Punhana APMC
Haryana,12,Mewat,177,1827,Tauru APMC
Haryana,12,Palwal,178,1821,Hassanpur APMC
Haryana,12,Palwal,178,74,Hodal APMC
Haryana,12,Palwal,178,461,Palwal APMC
Haryana,12,Panchkula,179,1804,Barwala APMC
Haryana,12,Panchkula,179,2926,"New Grain Market , Panchkula APMC"
Haryana,12,Panchkula,179,2451,Panchkul(Kalka) APMC
Haryana,12,Panchkula,179,1803,Raipur Rani APMC
Haryana,12,Panipat,180,1854,Bapauli APMC
Haryana,12,Panipat,180,1851,Israna APMC
Haryana,12,Panipat,180,1852,Madlauda APMC
Haryana,12,Panipat,180,452,Panipat APMC
Haryana,12,Panipat,180,2450,Panipat(Babarpur) APMC
Haryana,12,Panipat,180,1853,Samalkha APMC
Haryana,12,Rewari,181,1859,Kosli APMC
Haryana,12,Rewari,181,457,Rewari APMC
Haryana,12,Rohtak,182,1860,Meham
Haryana,12,Rohtak,182,455,Rohtak APMC
Haryana,12,Rohtak,182,2452,Rohtak(Kalanaur) APMC
Haryana,12,Rohtak,182,1861,Sampla APMC
Haryana,12,Sirsa,183,93,Dabwali APMC
Haryana,12,Sirsa,183,2456,Dabwali(Chautala) APMC
Haryana,12,Sirsa,183,1862,Ding APMC
Haryana,12,Sirsa,183,91,Ellanabad APMC
Haryana,12,Sirsa,183,92,KALANWALIAPMC
Haryana,12,Sirsa,183,2455,Kalawali(Odhan) APMC
Haryana,12,Sirsa,183,2886,"New Grain Market , Sirsa APMC"
Haryana,12,Sirsa,183,1863,Rania APMC
Haryana,12,Sirsa,183,2454,Rania(Jiwan nagar) APMC
Haryana,12,Sirsa,183,90,Sirsa APMC
Haryana,12,Sirsa,183,2453,Sirsa(Malekan) APMC
Haryana,12,Sonipat,184,1864,Ganaur APMC
Haryana,12,Sonipat,184,1079,Gohana APMC
Haryana,12,Sonipat,184,2457,Kharkhoda APMC
Haryana,12,Sonipat,184,2887,"New Grain Market , Sonipat APMC"
Haryana,12,Sonipat,184,454,Sonepat APMC
Haryana,12,Yamuna Nagar,185,1815,Bilaspur APMC
Haryana,12,Yamuna Nagar,185,2458,Chhachhrauli(Khizrabad) APMC
Haryana,12,Yamuna Nagar,185,1811,Chhachrauli APMC
Haryana,12,Yamuna Nagar,185,1810,Jagadhri APMC
Haryana,12,Yamuna Nagar,185,1812,Mustafabad APMC
Haryana,12,Yamuna Nagar,185,1814,Radaur APMC
Haryana,12,Yamuna Nagar,185,1813,Sadhaura APMC
Haryana,12,Yamuna Nagar,185,451,Yamuna Nagar APMC
Himachal Pradesh,13,Bilaspur,186,464,PMY Bilaspur
Himachal Pradesh,13,Bilaspur,186,2520,SMY Namhol
Himachal Pradesh,13,Chamba,187,463,PMY Chamba
Himachal Pradesh,13,Hamirpur,188,466,PMY Hamirpur
Himachal Pradesh,13,Hamirpur,188,3532,SMY Jahu
Himachal Pradesh,13,Hamirpur,188,2521,SMY Nadaun
Himachal Pradesh,13,Kangra,189,69,PMY Kangra
Himachal Pradesh,13,Kangra,189,2526,SMY Baijnath
Himachal Pradesh,13,Kangra,189,3444,SMY Dharamshala
Himachal Pradesh,13,Kangra,189,2529,SMY Jaisinghpur
Himachal Pradesh,13,Kangra,189,2528,SMY Jassur
Himachal Pradesh,13,Kangra,189,3149,SMY Jwalaji
Himachal Pradesh,13,Kangra,189,2527,SMY Nagrota Bagwan
Himachal Pradesh,13,Kangra,189,468,SMY Palampur
Himachal Pradesh,13,Kullu,192,70,PMY Kullu
Himachal Pradesh,13,Kullu,192,3041,SMY Bandrol
Himachal Pradesh,13,Kullu,192,4400,SMY Banjar
Himachal Pradesh,13,Kullu,192,471,SMY Bhuntar
Himachal Pradesh,13,Kullu,192,2523,SMY Chauri Bihal
Himachal Pradesh,13,Kullu,192,3150,SMY Khegsu
Himachal Pradesh,13,Kullu,192,2522,SMY Patli Kulh
Himachal Pradesh,13,Kullu,192,4401,SMY Shatt
Himachal Pradesh,13,Mandi,194,3517,PMY Kangni Mandi
Himachal Pradesh,13,Mandi,194,3040,SMY Chail Chowk
Himachal Pradesh,13,Mandi,194,465,SMY Dhanotu
Himachal Pradesh,13,Mandi,194,4402,SMY Jogindernagar
Himachal Pradesh,13,Mandi,194,2524,SMY Takoli
Himachal Pradesh,13,Shimla,195,467,PMY Dhalli Shimla
Himachal Pradesh,13,Shimla,195,4404,SMY Bhattakufar
Himachal Pradesh,13,Shimla,195,4405,SMY Kharapather
Himachal Pradesh,13,Shimla,195,4403,SMY Mehndli
Himachal Pradesh,13,Shimla,195,2538,SMY Nerwa
Himachal Pradesh,13,Shimla,195,4406,SMY Parala
Himachal Pradesh,13,Shimla,195,2511,SMY Rampur
Himachal Pradesh,13,Shimla,195,3042,SMY Rohroo
Himachal Pradesh,13,Shimla,195,2512,SMY Theog
Himachal Pradesh,13,Sirmore,196,71,PMY Paonta Sahib
Himachal Pradesh,13,Sirmore,196,469,SMY Nahan
Himachal Pradesh,13,Sirmore,196,2513,SMY Rajgarh
Himachal Pradesh,13,Solan,197,72,PMY Kather Solan
Himachal Pradesh,13,Solan,197,470,SMY Dharampur
Himachal Pradesh,13,Solan,197,2514,SMY Nalagarh
Himachal Pradesh,13,Solan,197,2516,SMY Parwanoo
Himachal Pradesh,13,Solan,197,4408,SMY Wakhnaghat
Himachal Pradesh,13,Una,198,462,PMY Una
Himachal Pradesh,13,Una,198,3039,SMY Santoshgarh
Himachal Pradesh,13,Una,198,4407,SMY Takarla
Jammu and Kashmir,14,Budgam,200,474,Zaloosa-Chararishrief (F&V)
Jammu and Kashmir,14,Anantnag,199,3500,Batengoo Anantnag (F&V)
Jammu and Kashmir,14,Anantnag,199,4399,Jablipora Anantnag (F&V)
Jammu and Kashmir,14,Baramulla,202,473,Kanispora Baramulla (F&V)
Jammu and Kashmir,14,Baramulla,202,94,Sopore (Nowpora) (F&V)
Jammu and Kashmir,14,Ganderbal,204,2260,Market Administrative Committee Zazna
Jammu and Kashmir,14,Jammu,205,95,Akhnoor (F&V)
Jammu and Kashmir,14,Jammu,205,472,MAC F&V Market Narwal Jammu
Jammu and Kashmir,14,Kathua,207,2173,Kathua (F&V)
Jammu and Kashmir,14,Kulgam,209,2169,Kulgam (F&V)
Jammu and Kashmir,14,Kupwara,210,475,Bumhama Kupwara (F&V)
Jammu and Kashmir,14,Kupwara,210,1114,Handwara Kupwara (F&V)
Jammu and Kashmir,14,Pulwama,213,4679,Pachar Pulwama (F&V)
Jammu and Kashmir,14,Pulwama,213,476,Prichoo Pulwama (F&V)
Jammu and Kashmir,14,Rajouri,214,478,Rajouri (Phaliana) (F&V)
Jammu and Kashmir,14,Ramban,215,2171,Batote (F&V)
Jammu and Kashmir,14,Shopian,217,96,APMC/MAC Shopian
Jammu and Kashmir,14,Srinagar,218,97,Parimpore Srinagar (F&V)
Jammu and Kashmir,14,Udhampur,219,98,Fruit and Vegetable Market Udhampur
Jharkhand,15,Bokaro,220,1875,Bermo APMC
Jharkhand,15,Bokaro,220,481,Bokaro (Chas) APMC
Jharkhand,15,Chatra,221,3681,Chatra APMC
Jharkhand,15,Deogarh,222,28,Deoghar APMC
Jharkhand,15,Deogarh,222,1882,Madhupur APMC
Jharkhand,15,Dhanbad,223,29,Dhanbad APMC
Jharkhand,15,Dumka,224,30,Dumka APMC
Jharkhand,15,East Singhbhum,225,1878,Chakulia APMC
Jharkhand,15,East Singhbhum,225,31,Jamshedpur APMC
Jharkhand,15,Garhwa,226,480,Gadhwah APMC
Jharkhand,15,Giridih,227,479,Giridih APMC
Jharkhand,15,Godda,228,1881,Godda APMC
Jharkhand,15,Gumla,229,482,Gumla APMC
Jharkhand,15,Hazaribagh,230,33,Hazaribagh APMC
Jharkhand,15,Hazaribagh,230,1874,Ramgarh APMC
Jharkhand,15,Jamtara,231,1983,Jamtara APMC
Jharkhand,15,Koderma,232,483,Koderma APMC
Jharkhand,15,Latehar,233,1982,Latehar APMC
Jharkhand,15,Lohardaga,234,1876,Lohardaga APMC
Jharkhand,15,Pakur,235,1880,Pakur APMC
Jharkhand,15,Palamu,236,808,Daltenganj APMC
Jharkhand,15,Ranchi,237,1883,Khunti APMC
Jharkhand,15,Ranchi,237,2005,Pandara APMC
Jharkhand,15,Ranchi,237,40,Ranchi APMC
Jharkhand,15,Sahebgang,238,1879,Sahebganj APMC
Jharkhand,15,Saraikela(Kharsanwa),239,1984,Saraikela APMC
Jharkhand,15,Simdega,240,3682,Barhmba APMC
Jharkhand,15,Simdega,240,1877,Simdega APMC
Jharkhand,15,West Singbhum,241,809,Chaibasa APMC
Karnataka,16,Belagavi,244,504,Athani APMC
Karnataka,16,Belagavi,244,692,Bailahongal APMC
Karnataka,16,Belagavi,244,101,Belgaum APMC
Karnataka,16,Belagavi,244,693,Gokak APMC
Karnataka,16,Belagavi,244,694,Kudchi APMC
Karnataka,16,Belagavi,244,695,Nandagada APMC
Karnataka,16,Belagavi,244,696,Nippani APMC
Karnataka,16,Belagavi,244,697,Ramdurga APMC
Karnataka,16,Belagavi,244,699,Sankeshwar APMC
Karnataka,16,Belagavi,244,698,Soundati APMC
Karnataka,16,Belagavi,244,4796,Yaragatti  APMC
Karnataka,16,Vijayapura,247,3277,Indi APMC
Karnataka,16,Vijayapura,247,706,Sindagi APMC
Karnataka,16,Vijayapura,247,509,Talikot APMC
Karnataka,16,Vijayapura,247,105,Vijayapura APMC
Karnataka,16,Chamarajanagar,248,707,Chamarajanagar APMC
Karnataka,16,Chamarajanagar,248,497,Gundlupet APMC
Karnataka,16,Chamarajanagar,248,4714,Hanuru APMC
Karnataka,16,Chamarajanagar,248,498,Kollegal APMC
Karnataka,16,Chikkamagaluru,249,709,Chikkamagaluru APMC
Karnataka,16,Chikkamagaluru,249,708,Kadur APMC
Karnataka,16,Chikkamagaluru,249,711,Koppa APMC
Karnataka,16,Chikkamagaluru,249,710,Mudigere APMC
Karnataka,16,Chikkamagaluru,249,503,Tarikere APMC
Karnataka,16,Kalaburagi,256,3280,Afzalpur APMC
Karnataka,16,Kalaburagi,256,3402,Alanda APMC
Karnataka,16,Kalaburagi,256,733,Chincholi APMC
Karnataka,16,Kalaburagi,256,511,Chittapur APMC
Karnataka,16,Kalaburagi,256,3281,Jevargi APMC
Karnataka,16,Kalaburagi,256,728,Kalaburagi APMC
Karnataka,16,Kalaburagi,256,731,sedam
Karnataka,16,Uttara Kannada,257,769,Haliyala APMC
Karnataka,16,Uttara Kannada,257,765,Honnavar APMC
Karnataka,16,Uttara Kannada,257,763,Karwar APMC
Karnataka,16,Uttara Kannada,257,764,Kumta APMC
Karnataka,16,Uttara Kannada,257,770,Mundgod APMC
Karnataka,16,Uttara Kannada,257,766,Siddapur APMC
Karnataka,16,Uttara Kannada,257,768,Sirsi APMC
Karnataka,16,Uttara Kannada,257,767,Yellapur APMC
Karnataka,16,Kodagu,260,741,Gonikappal APMC
Karnataka,16,Kodagu,260,739,Madikeri APMC
Karnataka,16,Kodagu,260,740,Somvarpet APMC
Karnataka,16,Dakshina Kannada,262,720,Bantwala APMC
Karnataka,16,Dakshina Kannada,262,719,Belthangdi APMC
Karnataka,16,Dakshina Kannada,262,716,Mangaluru APMC
Karnataka,16,Dakshina Kannada,262,717,Puttur APMC
Karnataka,16,Dakshina Kannada,262,718,Sulya APMC
Karnataka,16,Mysuru,263,494,Hunsur APMC
Karnataka,16,Mysuru,263,114,K.R.Nagar APMC
Karnataka,16,Mysuru,263,115,Mysuru APMC
Karnataka,16,Mysuru,263,750,Nanjangud APMC
Karnataka,16,Mysuru,263,119,Periyapatna APMC
Karnataka,16,Mysuru,263,751,Santhesargur APMC
Karnataka,16,Mysuru,263,496,T. Narasipura APMC
Karnataka,16,Shivamogga,266,3274,APMC THIRTHAHALLI
Karnataka,16,Shivamogga,266,755,Bhadravathi APMC
Karnataka,16,Shivamogga,266,3275,Hosanagara APMC
Karnataka,16,Shivamogga,266,754,Sagar APMC
Karnataka,16,Shivamogga,266,486,Shikaripura APMC
Karnataka,16,Shivamogga,266,753,Shimoga APMC
Karnataka,16,Shivamogga,266,3146,Sorabha APMC
Karnataka,16,Tumakuru,267,757,Gubbi APMC
Karnataka,16,Tumakuru,267,758,Huliyar APMC
Karnataka,16,Tumakuru,267,759,Kunigal APMC
Karnataka,16,Tumakuru,267,760,Madhugiri APMC
Karnataka,16,Tumakuru,267,487,Pavagada APMC
Karnataka,16,Tumakuru,267,761,Sira APMC
Karnataka,16,Tumakuru,267,762,Tiptur APMC
Karnataka,16,Tumakuru,267,756,Tumakuru APMC
Karnataka,16,Tumakuru,267,488,Turvekere APMC
Karnataka,16,Chikkaballapur,726,3044,Bagepalli APMC
Karnataka,16,Chikkaballapur,726,742,Chickkaballapura APMC
Karnataka,16,Chikkaballapur,726,743,Chintamani APMC
Karnataka,16,Chikkaballapur,726,492,Gauribidanur APMC
Karnataka,16,Bengaluru Rural,727,489,Doddaballapur APMC
Karnataka,16,Bengaluru Rural,727,3151,Hoskote APMC
Karnataka,16,Bengaluru South,728,690,Channapatna APMC
Karnataka,16,Bengaluru South,728,691,Kanakapura APMC
Karnataka,16,Bengaluru South,728,745,Ramanagara APMC
Karnataka,16,Bengaluru,243,99,Bengaluru APMC
Karnataka,16,Bengaluru,243,100,Binny Mill (FF&V) Bengaluru APMC
Karnataka,16,Yadgir,269,729,Shahapur APMC
Karnataka,16,Yadgir,269,730,Shorapur APMC
Karnataka,16,Yadgir,269,732,Yadgir APMC
Karnataka,16,Bagalkot,242,686,Badami APMC
Karnataka,16,Bagalkot,242,685,Bagalkot APMC
Karnataka,16,Bagalkot,242,3279,Bilagi APMC
Karnataka,16,Bagalkot,242,687,Hungund APMC
Karnataka,16,Bagalkot,242,688,Jamakhandi APMC
Karnataka,16,Bagalkot,242,689,Mahalingapur APMC
Karnataka,16,Bagalkot,242,4743,Mudhol APMC
Karnataka,16,Bellary,245,103,Ballari APMC
Karnataka,16,Bellary,245,3282,Kampli APMC
Karnataka,16,Bellary,245,102,SIRGUPPA APMC
Karnataka,16,Bidar,246,705,Aurad APMC
Karnataka,16,Bidar,246,512,Basava Kalayana APMC
Karnataka,16,Bidar,246,704,Bhalki APMC
Karnataka,16,Bidar,246,104,Bidar APMC
Karnataka,16,Bidar,246,703,Humanabad APMC
Karnataka,16,Chitradurga,250,714,Challakere APMC
Karnataka,16,Chitradurga,250,713,Chitradurga APMC
Karnataka,16,Chitradurga,250,715,Hiriyur APMC
Karnataka,16,Chitradurga,250,3152,Holalkere APMC
Karnataka,16,Chitradurga,250,493,Hosadurga APMC
Karnataka,16,Chitradurga,250,3756,Rampura APMC
Karnataka,16,Davangere,251,721,Channagiri APMC
Karnataka,16,Davangere,251,106,Davangere APMC
Karnataka,16,Davangere,251,484,HarappanaHalli APMC
Karnataka,16,Davangere,251,348,Harihara APMC
Karnataka,16,Davangere,251,485,Honnali APMC
Karnataka,16,Davangere,251,722,Jagalur APMC
Karnataka,16,Dharwad,252,108,APMC Hubballi
Karnataka,16,Dharwad,252,723,APMC Kundagol
Karnataka,16,Dharwad,252,505,Annigeri APMC
Karnataka,16,Dharwad,252,107,Dharwar APMC
Karnataka,16,Dharwad,252,507,Kalaghatagi APMC
Karnataka,16,Gadag,253,725,Gadag APMC
Karnataka,16,Gadag,253,724,Laxmeshwar APMC
Karnataka,16,Gadag,253,727,Mundaragi APMC
Karnataka,16,Gadag,253,726,Nargunda APMC
Karnataka,16,Gadag,253,506,Rona APMC
Karnataka,16,Hassan,254,3403,Arakalgud APMC
Karnataka,16,Hassan,254,734,Arasikere APMC
Karnataka,16,Hassan,254,737,Belur APMC
Karnataka,16,Hassan,254,501,Channarayapatna APMC
Karnataka,16,Hassan,254,735,Hassan APMC
Karnataka,16,Hassan,254,736,Holenarsipura APMC
Karnataka,16,Hassan,254,502,Sakaleshpura APMC
Karnataka,16,Haveri,255,349,Byadagi APMC
Karnataka,16,Haveri,255,510,Hanagal APMC
Karnataka,16,Haveri,255,109,Haveri APMC
Karnataka,16,Haveri,255,738,Hirekerur APMC
Karnataka,16,Haveri,255,110,Ranebennur APMC
Karnataka,16,Haveri,255,508,Savanur APMC
Karnataka,16,Haveri,255,1604,Shiggoan APMC
Karnataka,16,Kolar,258,744,Bangarpet APMC
Karnataka,16,Kolar,258,112,Kolar APMC
Karnataka,16,Kolar,258,490,Malur APMC
Karnataka,16,Kolar,258,1602,Mulbagal APMC
Karnataka,16,Kolar,258,491,Srinivasapur APMC
Karnataka,16,Koppal,259,111,Gangavathi APMC
Karnataka,16,Koppal,259,4723,Kanakagiri APMC
Karnataka,16,Koppal,259,4669,Karatagi APMC
Karnataka,16,Koppal,259,113,Koppal APMC
Karnataka,16,Koppal,259,747,Kustagi APMC
Karnataka,16,Koppal,259,746,Yalburga APMC
Karnataka,16,Mandya,261,499,K.R. Pet APMC
Karnataka,16,Mandya,261,749,Maddur APMC
Karnataka,16,Mandya,261,3758,Malavalli APMC
Karnataka,16,Mandya,261,748,Mandya APMC
Karnataka,16,Mandya,261,500,Nagamangala APMC
Karnataka,16,Mandya,261,1603,Pandavapura APMC
Karnataka,16,Mandya,261,2030,Srirangapattana APMC
Karnataka,16,Raichur,264,3362,Devadurga APMC
Karnataka,16,Raichur,264,752,Lingasugur APMC
Karnataka,16,Raichur,264,118,Manvi APMC
Karnataka,16,Raichur,264,116,Raichur APMC
Karnataka,16,Raichur,264,117,Sindhanur APMC
Karnataka,16,Udupi,268,495,Karkala APMC
Karnataka,16,Udupi,268,810,Kundapura APMC
Karnataka,16,Udupi,268,823,Udupi APMC
Karnataka,16,Vijayanagara,699,513,H.B. Halli APMC
Karnataka,16,Vijayanagara,699,702,Hoovinahadagali APMC
Karnataka,16,Vijayanagara,699,701,Hospet APMC
Karnataka,16,Vijayanagara,699,700,Kottur APMC
Karnataka,16,Vijayanagara,699,4733,Kudligi APMC
Karnataka,16,Vijayanagara,699,3759,Sandur APMC
Keralam,17,Alappuzha,270,120,Alappuzha Market
Keralam,17,Alappuzha,270,1971,Aroor Market
Keralam,17,Alappuzha,270,1985,Chanthroor Market
Keralam,17,Alappuzha,270,2015,Chengannur Market
Keralam,17,Alappuzha,270,4592,Chennithala VFPCK Market
Keralam,17,Alappuzha,270,4323,Cheriyanadu  VFPCK Market
Keralam,17,Alappuzha,270,2018,Cherthala Market
Keralam,17,Alappuzha,270,4589,Edathwa VFPCK Market
Keralam,17,Alappuzha,270,2017,Harippad Market
Keralam,17,Alappuzha,270,2016,Kayamkulam Market
Keralam,17,Alappuzha,270,1986,Madhavapuram Market
Keralam,17,Alappuzha,270,2673,Mannar Market
Keralam,17,Alappuzha,270,4590,Nooranad VFPCK Market
Keralam,17,Alappuzha,270,4324,Pandanadu  VFPCK Market
Keralam,17,Alappuzha,270,4591,Thamarakkulam VFPCK Market
Keralam,17,Alappuzha,270,4326,Thazhakkara  VFPCK Market
Keralam,17,Alappuzha,270,4325,Vallikunnam  VFPCK Market
Keralam,17,Alappuzha,270,4327,Venmony  VFPCK Market
Keralam,17,Ernakulam,273,127,ARWM Muvattupuzha
Keralam,17,Ernakulam,273,126,Aluva Market
Keralam,17,Ernakulam,273,4349,Amalapuram  VFPCK Market
Keralam,17,Ernakulam,273,1978,Angamaly Market
Keralam,17,Ernakulam,273,3393,Broadway market Market
Keralam,17,Ernakulam,273,4348,Edackattuvayal  VFPCK Market
Keralam,17,Ernakulam,273,125,Ernakulam Market
Keralam,17,Ernakulam,273,4352,Kadungallur  VFPCK Market
Keralam,17,Ernakulam,273,4611,Kanjoor VFPCK Market
Keralam,17,Ernakulam,273,4612,Karumaloor VFPCK Market
Keralam,17,Ernakulam,273,3383,Keerampara VFPCK Market
Keralam,17,Ernakulam,273,3381,Koovapadi VFPCK Market
Keralam,17,Ernakulam,273,2681,Kothamangalam Market
Keralam,17,Ernakulam,273,4345,Kunnukara  VFPCK Market
Keralam,17,Ernakulam,273,4613,Kurumassery VFPCK Market
Keralam,17,Ernakulam,273,4344,Malayattoor  VFPCK Market
Keralam,17,Ernakulam,273,4678,Maradu Market
Keralam,17,Ernakulam,273,3382,Mazhuvannur VFPCK Market
Keralam,17,Ernakulam,273,4346,Mookkannur  VFPCK Market
Keralam,17,Ernakulam,273,4343,Nedungapra  VFPCK Market
Keralam,17,Ernakulam,273,3394,North Paravur Market
Keralam,17,Ernakulam,273,2680,Perumbavoor Market
Keralam,17,Ernakulam,273,2007,Piravam Market
Keralam,17,Ernakulam,273,4614,Pothanikkadu VFPCK Market
Keralam,17,Ernakulam,273,4350,Puthenvelikkara  VFPCK Market
Keralam,17,Ernakulam,273,4347,Thiruvaniyoor  VFPCK Market
Keralam,17,Ernakulam,273,2176,Thrippunithura Market
Keralam,17,Ernakulam,273,4615,Thuravoor VFPCK Market
Keralam,17,Ernakulam,273,4351,Vengola  VFPCK Market
Keralam,17,Idukki,274,2676,Adimali Market
Keralam,17,Idukki,274,4604,Adimali VFPCK Market
Keralam,17,Idukki,274,4342,Alacode  VFPCK Market
Keralam,17,Idukki,274,4610,Errattayar VFPCK Market
Keralam,17,Idukki,274,3379,Kamakshi VFPCK Market
Keralam,17,Idukki,274,4605,Kannakunnu VFPCK Market
Keralam,17,Idukki,274,4609,Kanthaloor VFPCK Market
Keralam,17,Idukki,274,2679,Kattappana Market
Keralam,17,Idukki,274,4341,Kodikulam  VFPCK Market
Keralam,17,Idukki,274,4608,Melechinnar VFPCK Market
Keralam,17,Idukki,274,1975,Munnar Market
Keralam,17,Idukki,274,2678,Nedumkandam Market
Keralam,17,Idukki,274,4607,Parathode VFPCK Market
Keralam,17,Idukki,274,4338,Pazhayarikandam  VFPCK Market
Keralam,17,Idukki,274,4339,Rajakkad  VFPCK Market
Keralam,17,Idukki,274,1081,Thodupuzha Market
Keralam,17,Idukki,274,3378,Thompramkudi VFPCK Market
Keralam,17,Idukki,274,4340,Udumbannoor  VFPCK Market
Keralam,17,Idukki,274,2677,Vandiperiyar Market
Keralam,17,Kannur,275,3764,Chavassery VFPCK Market
Keralam,17,Kannur,275,2031,Irikkur Market
Keralam,17,Kannur,275,2688,Irityy Market
Keralam,17,Kannur,275,129,Kannur Market
Keralam,17,Kannur,275,4656,Kelakam VFPCK Market
Keralam,17,Kannur,275,4657,Kolayad VFPCK Market
Keralam,17,Kannur,275,4385,Koodali  VFPCK Market
Keralam,17,Kannur,275,2032,Kuthuparambu Market
Keralam,17,Kannur,275,3391,Maloor VFPCK Market
Keralam,17,Kannur,275,4658,Mangattidom VFPCK Market
Keralam,17,Kannur,275,4384,Mattannur  VFPCK Market
Keralam,17,Kannur,275,4386,Pattiyam  VFPCK Market
Keralam,17,Kannur,275,4659,Payam VFPCK Market
Keralam,17,Kannur,275,130,Payyannur Market
Keralam,17,Kannur,275,4660,Peravoor VFPCK Market
Keralam,17,Kannur,275,4661,Sreekandapuram VFPCK Market
Keralam,17,Kannur,275,1980,Taliparamba Market
Keralam,17,Kannur,275,128,Thalasserry Market
Keralam,17,Kasargod,276,2035,Kanjangadu Market
Keralam,17,Kasargod,276,516,Kasargod Market
Keralam,17,Kasargod,276,4387,Madikai  VFPCK Market
Keralam,17,Kasargod,276,2034,Manjeswaram Market
Keralam,17,Kasargod,276,1981,Neeleswaram Market
Keralam,17,Kasargod,276,4388,Pullur Periya  VFPCK Market
Keralam,17,Kollam,277,2013,Anchal Market
Keralam,17,Kollam,277,4410,Anchal VFPCK Market
Keralam,17,Kollam,277,4578,Channapetta VFPCK Market
Keralam,17,Kollam,277,4580,Chathannoore VFPCK Market
Keralam,17,Kollam,277,2670,Chathanoor Market
Keralam,17,Kollam,277,4311,Chengamanad  VFPCK Market
Keralam,17,Kollam,277,4577,Edamon VFPCK Market
Keralam,17,Kollam,277,4310,Elamad  VFPCK Market
Keralam,17,Kollam,277,4570,Inchakkad VFPCK Market
Keralam,17,Kollam,277,4313,Kadakkal  VFPCK Market
Keralam,17,Kollam,277,4573,Kalluvathukkal VFPCK Market
Keralam,17,Kollam,277,4576,Keralapuram VFPCK Market
Keralam,17,Kollam,277,131,Kollam Market
Keralam,17,Kollam,277,2668,Kottarakkara Market
Keralam,17,Kollam,277,4571,Kulathoopuzha VFPCK Market
Keralam,17,Kollam,277,4308,Nedumpaikulam  VFPCK Market
Keralam,17,Kollam,277,4312,Nedumpana  VFPCK Market
Keralam,17,Kollam,277,4309,Neduvathoor  VFPCK Market
Keralam,17,Kollam,277,4574,Pattazhy North VFPCK Market
Keralam,17,Kollam,277,4575,Piravanthoor VFPCK Market
Keralam,17,Kollam,277,4579,Plappally VFPCK Market
Keralam,17,Kollam,277,2014,Punalur Market
Keralam,17,Kollam,277,4411,Punalur VFPCK Market
Keralam,17,Kollam,277,4569,Puthur VFPCK Market
Keralam,17,Kollam,277,2006,Sasthamkotta Market
Keralam,17,Kollam,277,4409,Sasthamkotta VFPCK Market
Keralam,17,Kollam,277,4306,Sooranad  VFPCK Market
Keralam,17,Kollam,277,4572,Thalavoor VFPCK Market
Keralam,17,Kollam,277,4314,Valakom  VFPCK Market
Keralam,17,Kollam,277,4307,Veliyam  VFPCK Market
Keralam,17,Kottayam,278,4335,Adithyapuram  VFPCK Market
Keralam,17,Kottayam,278,2674,Athirampuzha Market
Keralam,17,Kottayam,278,4593,Athirampuzha VFPCK Market
Keralam,17,Kottayam,278,4333,Avarma  VFPCK Market
Keralam,17,Kottayam,278,4594,Aymanam VFPCK Market
Keralam,17,Kottayam,278,4595,Bharananganam VFPCK
Keralam,17,Kottayam,278,2020,Ettumanoor Market
Keralam,17,Kottayam,278,4596,Ettumanoor VFPCK Market
Keralam,17,Kottayam,278,4598,Kaithepalam VFPCK Market
Keralam,17,Kottayam,278,2021,Kanjirappally Market
Keralam,17,Kottayam,278,4328,Kattampak  VFPCK Market
Keralam,17,Kottayam,278,132,Kottayam Market
Keralam,17,Kottayam,278,4597,Ks Mangalam VFPCK Market
Keralam,17,Kottayam,278,4599,Kurichy VFPCK Market
Keralam,17,Kottayam,278,4329,Kuriem  VFPCK Market
Keralam,17,Kottayam,278,1973,Kuruppanthura Market
Keralam,17,Kottayam,278,4334,Mannackanad  VFPCK Market
Keralam,17,Kottayam,278,4332,Mutholy  VFPCK Market
Keralam,17,Kottayam,278,4600,Neezhoor VFPCK Market
Keralam,17,Kottayam,278,2022,Pala Market
Keralam,17,Kottayam,278,2019,Pampady Market
Keralam,17,Kottayam,278,4601,Parathode VFPCK Market
Keralam,17,Kottayam,278,4602,Ramapuram VFPCK Market
Keralam,17,Kottayam,278,2675,Thalayolaparambu Market
Keralam,17,Kottayam,278,4336,Thottuva  VFPCK Market
Keralam,17,Kottayam,278,4330,Thrikkodithanam  VFPCK Market
Keralam,17,Kottayam,278,4603,Vakathanam VFPCK Market
Keralam,17,Kottayam,278,4331,Vayala  VFPCK Market
Keralam,17,Kottayam,278,4337,Vempally  VFPCK Market
Keralam,17,Kozhikode(Calicut),279,4633,Kakkur VFPCK Market
Keralam,17,Kozhikode(Calicut),279,1979,Kallachi Market
Keralam,17,Kozhikode(Calicut),279,4379,Keezhparamba  VFPCK Market
Keralam,17,Kozhikode(Calicut),279,4638,Kodenchery VFPCK Market
Keralam,17,Kozhikode(Calicut),279,4634,Kodiyathur VFPCK Market
Keralam,17,Kozhikode(Calicut),279,4635,Koodaranji VFPCK Market
Keralam,17,Kozhikode(Calicut),279,4378,Kunnamangalam  VFPCK Market
Keralam,17,Kozhikode(Calicut),279,4377,Mavoor  VFPCK Market
Keralam,17,Kozhikode(Calicut),279,4375,Mukkam  VFPCK Market
Keralam,17,Kozhikode(Calicut),279,2690,Mukkom Market
Keralam,17,Kozhikode(Calicut),279,515,Palayam Market
Keralam,17,Kozhikode(Calicut),279,2689,Perambra Market
Keralam,17,Kozhikode(Calicut),279,2691,Quilandy Market
Keralam,17,Kozhikode(Calicut),279,4636,Thalakulathur VFPCK Market
Keralam,17,Kozhikode(Calicut),279,2692,Thamarassery Market
Keralam,17,Kozhikode(Calicut),279,4637,Thiruvambady VFPCK Market
Keralam,17,Kozhikode(Calicut),279,4376,Vellannur  VFPCK Market
Keralam,17,Kozhikode(Calicut),279,124,Vengeri(Kozhikode) Market
Keralam,17,Malappuram,280,4639,Angadippuram VFPCK Market
Keralam,17,Malappuram,280,4640,Athanikkal VFPCK Market
Keralam,17,Malappuram,280,4641,Chungathara VFPCK Market
Keralam,17,Malappuram,280,4647,Elamkulam VFPCK Market
Keralam,17,Malappuram,280,4373,Elamkur  VFPCK Market
Keralam,17,Malappuram,280,4648,Kalikavu VFPCK Market
Keralam,17,Malappuram,280,4372,Kannamangalam  VFPCK Market
Keralam,17,Malappuram,280,4370,Kodakkad  VFPCK Market
Keralam,17,Malappuram,280,2687,Kondotty Market
Keralam,17,Malappuram,280,4642,Koorad Wandoor VFPCK Market
Keralam,17,Malappuram,280,1977,Kottakkal Market
Keralam,17,Malappuram,280,134,Manjeri Market
Keralam,17,Malappuram,280,4643,Mankada VFPCK Market
Keralam,17,Malappuram,280,4374,Moothedam  VFPCK Market
Keralam,17,Malappuram,280,4368,Othayi  VFPCK Market
Keralam,17,Malappuram,280,4644,Pallikkal VFPCK Market
Keralam,17,Malappuram,280,2685,Parappanangadi Market
Keralam,17,Malappuram,280,4412,Parappanangadi VFPCK Market
Keralam,17,Malappuram,280,2684,Perinthalmanna Market
Keralam,17,Malappuram,280,4371,Thalappara  VFPCK Market
Keralam,17,Malappuram,280,2686,Thirurrangadi Market
Keralam,17,Malappuram,280,4369,Thiruvali  VFPCK Market
Keralam,17,Malappuram,280,4646,Vazhayur VFPCK Market
Keralam,17,Palakad,281,4627,Agali VFPCK Market
Keralam,17,Palakad,281,2029,Alathur Market
Keralam,17,Palakad,281,4365,Alenellur  VFPCK Market
Keralam,17,Palakad,281,3387,Elevancheri VFPCK Market
Keralam,17,Palakad,281,4363,Kadambazhi puram  VFPCK Market
Keralam,17,Palakad,281,4628,Karimpuzha VFPCK Market
Keralam,17,Palakad,281,3766,Kizhakkancheri VFPCK Market
Keralam,17,Palakad,281,136,Koduvayoor Market
Keralam,17,Palakad,281,2028,Kollengode Market
Keralam,17,Palakad,281,4629,Kollengode VFPCK Market
Keralam,17,Palakad,281,4630,Kottayi VFPCK Market
Keralam,17,Palakad,281,3765,Malampuzha VFPCK Market
Keralam,17,Palakad,281,4631,Moochamkundu VFPCK Market
Keralam,17,Palakad,281,135,Palakkad Market
Keralam,17,Palakad,281,3390,Palayamangalam Market
Keralam,17,Palakad,281,4367,Paliyamangalam  VFPCK Market
Keralam,17,Palakad,281,2177,Pattambi Market
Keralam,17,Palakad,281,4632,Perumatty VFPCK Market
Keralam,17,Palakad,281,4366,Puthupariyaram  VFPCK Market
Keralam,17,Palakad,281,4413,Vadakarapathy VFPCK Market
Keralam,17,Palakad,281,2683,Vadakkenchery Market
Keralam,17,Palakad,281,4364,Vaniyamkulam  VFPCK Market
Keralam,17,Palakad,281,3389,Vithinasserri VFPCK Market
Keralam,17,Palakad,281,2682,vadakarapathy Market
Keralam,17,Pathanamthitta,282,4581,Chittar  VFPCK Market
Keralam,17,Pathanamthitta,282,4588,Enadimangalam VFPCK Market
Keralam,17,Pathanamthitta,282,4319,Erath  VFPCK Market
Keralam,17,Pathanamthitta,282,2669,Ezhamkulam Market
Keralam,17,Pathanamthitta,282,4582,Ezhamkulam VFPCK Market
Keralam,17,Pathanamthitta,282,4321,Kalanjoor  VFPCK Market
Keralam,17,Pathanamthitta,282,4583,Kodumon VFPCK Market
Keralam,17,Pathanamthitta,282,2671,Kuttoor Market
Keralam,17,Pathanamthitta,282,4317,Mallappally  VFPCK Market
Keralam,17,Pathanamthitta,282,4315,Mezhuveli  VFPCK Market
Keralam,17,Pathanamthitta,282,4316,Naranganam  VFPCK Market
Keralam,17,Pathanamthitta,282,4584,Nedumbram VFPCK Market
Keralam,17,Pathanamthitta,282,3395,Omalloor Market
Keralam,17,Pathanamthitta,282,4318,Pallikkal  VFPCK Market
Keralam,17,Pathanamthitta,282,1972,Pandalam Market
Keralam,17,Pathanamthitta,282,4320,Pandalam Thekkekkara  VFPCK Market
Keralam,17,Pathanamthitta,282,4585,Pandalam VFPCK Market
Keralam,17,Pathanamthitta,282,514,Parakkodu Market
Keralam,17,Pathanamthitta,282,3377,Pramadom VFPCK Market
Keralam,17,Pathanamthitta,282,3767,Puramattom VFPCK Market
Keralam,17,Pathanamthitta,282,4586,Ranni VFPCK Market
Keralam,17,Pathanamthitta,282,2672,Ranniangadi Market
Keralam,17,Pathanamthitta,282,4322,Seethathode  VFPCK Market
Keralam,17,Pathanamthitta,282,4587,Thengamam VFPCK Market
Keralam,17,Thirssur,283,4357,Alengad  VFPCK Market
Keralam,17,Thirssur,283,4355,Amballur  VFPCK Market
Keralam,17,Thirssur,283,4353,Annamanada  VFPCK Market
Keralam,17,Thirssur,283,2024,Chalakudy Market
Keralam,17,Thirssur,283,2026,Chavakkad Market
Keralam,17,Thirssur,283,4616,Chazhur VFPCK Market
Keralam,17,Thirssur,283,1974,Chelakkara Market
Keralam,17,Thirssur,283,4617,Chelakkara VFPCK Market
Keralam,17,Thirssur,283,4356,Elanad  VFPCK Market
Keralam,17,Thirssur,283,2025,Irinjalakkuda Market
Keralam,17,Thirssur,283,4619,Kadukutty VFPCK Market
Keralam,17,Thirssur,283,4618,Karalam VFPCK Market
Keralam,17,Thirssur,283,3768,Karuvannur VFPCK Market
Keralam,17,Thirssur,283,4620,Kodassery VFPCK Market
Keralam,17,Thirssur,283,140,Kodungalloor Market
Keralam,17,Thirssur,283,4360,Kuzhur  VFPCK Market
Keralam,17,Thirssur,283,4621,Mala VFPCK Market
Keralam,17,Thirssur,283,4362,Marottichal  VFPCK Market
Keralam,17,Thirssur,283,3386,Mattathur VFPCK Market
Keralam,17,Thirssur,283,4622,Melocr VFPCK Market
Keralam,17,Thirssur,283,4361,Muriyad  VFPCK Market
Keralam,17,Thirssur,283,4354,Nooluvally  VFPCK Market
Keralam,17,Thirssur,283,4624,Pananchery VFPCK Market
Keralam,17,Thirssur,283,3384,Pariyaram VFPCK Market
Keralam,17,Thirssur,283,3385,Pazhayannur VFPCK Market
Keralam,17,Thirssur,283,4359,Puthur  VFPCK Market
Keralam,17,Thirssur,283,4625,Thottippal VFPCK Market
Keralam,17,Thirssur,283,139,Thrissur Market
Keralam,17,Thirssur,283,4358,Varandarappilly  VFPCK Market
Keralam,17,Thirssur,283,4626,Veloorkkara VFPCK Market
Keralam,17,Thirssur,283,2027,Wadakkanchery Market
Keralam,17,Thiruvananthapuram,284,1080,Anyara(EEC) Market
Keralam,17,Thiruvananthapuram,284,2008,Aralamoodu Market
Keralam,17,Thiruvananthapuram,284,4561,Aryanad VFPCK Market
Keralam,17,Thiruvananthapuram,284,4562,Athiyannur VFPCK Market
Keralam,17,Thiruvananthapuram,284,2012,Attingal Market
Keralam,17,Thiruvananthapuram,284,4297,Balaramapuram  VFPCK Market
Keralam,17,Thiruvananthapuram,284,4240,Balarampuram Market
Keralam,17,Thiruvananthapuram,284,2693,Chala Market
Keralam,17,Thiruvananthapuram,284,4300,Chenkal  VFPCK Market
Keralam,17,Thiruvananthapuram,284,4303,Kallara  VFPCK Market
Keralam,17,Thiruvananthapuram,284,1970,Kattakada Market
Keralam,17,Thiruvananthapuram,284,4304,Kattakkada  VFPCK Market
Keralam,17,Thiruvananthapuram,284,4563,Kilmannur VFPCK Market
Keralam,17,Thiruvananthapuram,284,4299,Kollayil  VFPCK Market
Keralam,17,Thiruvananthapuram,284,4301,Kovilnada  VFPCK Market
Keralam,17,Thiruvananthapuram,284,3375,Kunnathukkal VFPCK Market
Keralam,17,Thiruvananthapuram,284,3376,Maranelloor VFPCK Market
Keralam,17,Thiruvananthapuram,284,4564,Mudakkal VFPCK Market
Keralam,17,Thiruvananthapuram,284,4565,Mylachal VFPCK Market
Keralam,17,Thiruvananthapuram,284,138,Nedumangadu Market
Keralam,17,Thiruvananthapuram,284,2011,Neyyatinkara Market
Keralam,17,Thiruvananthapuram,284,4298,Neyyattinkara  VFPCK Market
Keralam,17,Thiruvananthapuram,284,4566,Pappanchani VFPCK Market
Keralam,17,Thiruvananthapuram,284,2010,Parassala Market
Keralam,17,Thiruvananthapuram,284,4414,Parassala VFPCK Market
Keralam,17,Thiruvananthapuram,284,2009,Pothencode Market
Keralam,17,Thiruvananthapuram,284,137,Thiruvananthapuram Market
Keralam,17,Thiruvananthapuram,284,2036,Vamanapuram Market
Keralam,17,Thiruvananthapuram,284,4567,Vellanad VFPCK Market
Keralam,17,Thiruvananthapuram,284,4305,Vellarada  VFPCK Market
Keralam,17,Thiruvananthapuram,284,4568,Vembayam VFPCK Market
Keralam,17,Thiruvananthapuram,284,4302,Vengannore  VFPCK Market
Keralam,17,Wayanad,285,4649,Cheeral VFPCK Market
Keralam,17,Wayanad,285,142,Kalpetta Market
Keralam,17,Wayanad,285,2033,Mananthavady Market
Keralam,17,Wayanad,285,4650,Muttil VFPCK Market
Keralam,17,Wayanad,285,4381,Neervaram  VFPCK Market
Keralam,17,Wayanad,285,4380,Padinjarathara  VFPCK Market
Keralam,17,Wayanad,285,4651,Peria VFPCK Market
Keralam,17,Wayanad,285,4652,Poothadi VFPCK Market
Keralam,17,Wayanad,285,1976,Pulpally Market
Keralam,17,Wayanad,285,141,Sultan bathery Market
Keralam,17,Wayanad,285,4382,Sulthanbathery  VFPCK Market
Keralam,17,Wayanad,285,4653,Thariyode VFPCK Market
Keralam,17,Wayanad,285,4654,Thavinjal VFPCK Market
Keralam,17,Wayanad,285,4383,Thondernad  VFPCK Market
Keralam,17,Wayanad,285,4655,Vengapally VFPCK Market
Lakshadweep,18,Kavaratti,286,143,Kavaratti APMC
Madhya Pradesh,19,Agar Malwa,287,4417,Agar(F&V) APMC
Madhya Pradesh,19,Agar Malwa,287,4427,Badod(F&V) APMC
Madhya Pradesh,19,Agar Malwa,287,4512,Nalkheda(F&V) APMC
Madhya Pradesh,19,Agar Malwa,287,4550,Soyatkalan(F&V) APMC
Madhya Pradesh,19,Agar Malwa,287,4551,Susner(F&V) APMC
Madhya Pradesh,19,Alirajpur,288,1228,Alirajpur APMC
Madhya Pradesh,19,Alirajpur,288,3049,Alirajpur(F&V) APMC
Madhya Pradesh,19,Alirajpur,288,2356,Jobat APMC
Madhya Pradesh,19,Alirajpur,288,4472,Jobat(F&V) APMC
Madhya Pradesh,19,Anupur,289,2729,Anuppur APMC
Madhya Pradesh,19,Anupur,289,4424,Anuppur(F&V) APMC
Madhya Pradesh,19,Anupur,289,3009,Jaithari APMC
Madhya Pradesh,19,Anupur,289,3010,Kotma APMC
Madhya Pradesh,19,Ashoknagar,290,177,Ashoknagar APMC
Madhya Pradesh,19,Ashoknagar,290,3061,Ashoknagar(F&V) APMC
Madhya Pradesh,19,Ashoknagar,290,3666,Chanderi APMC
Madhya Pradesh,19,Ashoknagar,290,2655,Isagarh APMC
Madhya Pradesh,19,Ashoknagar,290,2262,Mungawali APMC
Madhya Pradesh,19,Ashoknagar,290,4510,Mungawali(F&V) APMC
Madhya Pradesh,19,Ashoknagar,290,2999,Piprai APMC
Madhya Pradesh,19,Ashoknagar,290,2664,Shadora APMC
Madhya Pradesh,19,Badwani,291,2324,Anjad APMC
Madhya Pradesh,19,Badwani,291,4423,Anjad(F&V) APMC
Madhya Pradesh,19,Badwani,291,2119,Badwani APMC
Madhya Pradesh,19,Badwani,291,4429,Badwani(F&V) APMC
Madhya Pradesh,19,Badwani,291,2648,Balwadi APMC
Madhya Pradesh,19,Badwani,291,2317,Khetia APMC
Madhya Pradesh,19,Badwani,291,4486,Khetiya(F&V) APMC
Madhya Pradesh,19,Badwani,291,1091,Sendhwa APMC
Madhya Pradesh,19,Badwani,291,4539,Sendhwa(F&V) APMC
Madhya Pradesh,19,Balaghat,292,1082,Balaghat APMC
Madhya Pradesh,19,Balaghat,292,3074,Balaghat(F&amp;V) APMC
Madhya Pradesh,19,Balaghat,292,2125,Katangi APMC
Madhya Pradesh,19,Balaghat,292,4479,Katangi(F&V) APMC
Madhya Pradesh,19,Balaghat,292,3788,Khairlangi APMC
Madhya Pradesh,19,Balaghat,292,4482,Khairlanji(F&V) APMC
Madhya Pradesh,19,Balaghat,292,3003,Lalbarra APMC
Madhya Pradesh,19,Balaghat,292,4494,Lalbarra(F&V) APMC
Madhya Pradesh,19,Balaghat,292,3004,Mohgaon APMC
Madhya Pradesh,19,Balaghat,292,4507,Mohgaon(F&V) APMC
Madhya Pradesh,19,Balaghat,292,4521,Paraswada(F&V) APMC
Madhya Pradesh,19,Balaghat,292,3005,Praswada APMC
Madhya Pradesh,19,Balaghat,292,2100,Varaseoni APMC
Madhya Pradesh,19,Balaghat,292,4559,Varasivni(F&V) APMC
Madhya Pradesh,19,Betul,293,531,Betul APMC
Madhya Pradesh,19,Betul,293,4438,Betul(F&V) APMC
Madhya Pradesh,19,Betul,293,4439,Bhaisdehi(F&V) APMC
Madhya Pradesh,19,Betul,293,2665,Bhensdehi APMC
Madhya Pradesh,19,Betul,293,1226,Multai APMC
Madhya Pradesh,19,Betul,293,4509,Multai(F&V) APMC
Madhya Pradesh,19,Bhind,294,2645,Alampur APMC
Madhya Pradesh,19,Bhind,294,4419,Alampur(F&V) APMC
Madhya Pradesh,19,Bhind,294,532,Bhind APMC
Madhya Pradesh,19,Bhind,294,3063,Bhind(F&V) APMC
Madhya Pradesh,19,Bhind,294,1238,Gohad APMC
Madhya Pradesh,19,Bhind,294,4460,Gohad(F&V) APMC
Madhya Pradesh,19,Bhind,294,2363,Lahar APMC
Madhya Pradesh,19,Bhind,294,4492,Lahar(F&V) APMC
Madhya Pradesh,19,Bhind,294,3001,Mehgaon APMC
Madhya Pradesh,19,Bhind,294,4505,Mehgaon(F&V) APMC
Madhya Pradesh,19,Bhind,294,2660,Mow APMC
Madhya Pradesh,19,Bhopal,295,1088,Berasia APMC
Madhya Pradesh,19,Bhopal,295,172,Bhopal APMC
Madhya Pradesh,19,Bhopal,295,173,Bhopal(F&V) APMC
Madhya Pradesh,19,Burhanpur,296,811,Burhanpur APMC
Madhya Pradesh,19,Burhanpur,296,3052,Burhanpur(F&V) APMC
Madhya Pradesh,19,Chhatarpur,297,2110,Badamalhera APMC
Madhya Pradesh,19,Chhatarpur,297,3780,Bakswaha APMC
Madhya Pradesh,19,Chhatarpur,297,3779,Bijawar APMC
Madhya Pradesh,19,Chhatarpur,297,4445,Chattarpur(F&V) APMC
Madhya Pradesh,19,Chhatarpur,297,789,Chhatarpur APMC
Madhya Pradesh,19,Chhatarpur,297,2319,Harpalpur APMC
Madhya Pradesh,19,Chhatarpur,297,1243,LavKush Nagar(Laundi) APMC
Madhya Pradesh,19,Chhatarpur,297,3781,Naugaon APMC
Madhya Pradesh,19,Chhatarpur,297,2352,Rajnagar APMC
Madhya Pradesh,19,Chhindwara,298,4549,APMC Sausar
Madhya Pradesh,19,Chhindwara,298,3789,Amarwda APMC
Madhya Pradesh,19,Chhindwara,298,1245,Chaurai APMC
Madhya Pradesh,19,Chhindwara,298,517,Chhindwara APMC
Madhya Pradesh,19,Chhindwara,298,3075,Chhindwara(F&V) APMC
Madhya Pradesh,19,Chhindwara,298,4447,Chindwara(F&V) APMC
Madhya Pradesh,19,Chhindwara,298,4448,Chourai(F&V) APMC
Madhya Pradesh,19,Chhindwara,298,2075,Pandhurna APMC
Madhya Pradesh,19,Chhindwara,298,3076,Pandhurna(F&V) APMC
Madhya Pradesh,19,Chhindwara,298,2089,Saunsar APMC
Madhya Pradesh,19,Damoh,299,541,Damoh APMC
Madhya Pradesh,19,Damoh,299,3068,Damoh(F&V) APMC
Madhya Pradesh,19,Damoh,299,2344,Hata APMC
Madhya Pradesh,19,Damoh,299,2126,Javera APMC
Madhya Pradesh,19,Damoh,299,1242,Patharia APMC
Madhya Pradesh,19,Datia,300,2649,Bhander APMC
Madhya Pradesh,19,Datia,300,4440,Bhander(F&V) APMC
Madhya Pradesh,19,Datia,300,542,Datia APMC
Madhya Pradesh,19,Datia,300,4450,Datia(F&V) APMC
Madhya Pradesh,19,Datia,300,2368,Sevda APMC
Madhya Pradesh,19,Dewas,301,2728,Bagli APMC
Madhya Pradesh,19,Dewas,301,174,Dewas APMC
Madhya Pradesh,19,Dewas,301,3054,Dewas(F&V) APMC
Madhya Pradesh,19,Dewas,301,2345,Haatpipliya APMC
Madhya Pradesh,19,Dewas,301,4463,Hatpiplya(F&V) APMC
Madhya Pradesh,19,Dewas,301,2101,Kannod APMC
Madhya Pradesh,19,Dewas,301,4476,Kannod(F&V) APMC
Madhya Pradesh,19,Dewas,301,1233,Khategaon APMC
Madhya Pradesh,19,Dewas,301,4485,Khategaon(F&V) APMC
Madhya Pradesh,19,Dewas,301,2320,Loharda APMC
Madhya Pradesh,19,Dewas,301,4495,Loharda(F&V) APMC
Madhya Pradesh,19,Dewas,301,4548,Sonkachh(F&V) APMC
Madhya Pradesh,19,Dewas,301,1234,Sonkatch APMC
Madhya Pradesh,19,Dhar,302,2076,Badnawar APMC
Madhya Pradesh,19,Dhar,302,3048,Badnawar(F&V) APMC
Madhya Pradesh,19,Dhar,302,1083,Dhamnod APMC
Madhya Pradesh,19,Dhar,302,4452,Dhamnod(F&V) APMC
Madhya Pradesh,19,Dhar,302,518,Dhar APMC
Madhya Pradesh,19,Dhar,302,3047,Dhar(F&V) APMC
Madhya Pradesh,19,Dhar,302,2657,Gandhwani APMC
Madhya Pradesh,19,Dhar,302,1227,Kukshi APMC
Madhya Pradesh,19,Dhar,302,4491,Kukshi(F&V) APMC
Madhya Pradesh,19,Dhar,302,2087,Manawar APMC
Madhya Pradesh,19,Dhar,302,4503,Manawar(F&V) APMC
Madhya Pradesh,19,Dhar,302,2318,Rajgarh APMC
Madhya Pradesh,19,Dhar,302,4528,Rajgarh(F&V) APMC
Madhya Pradesh,19,Dindori,303,1246,Dindori APMC
Madhya Pradesh,19,Dindori,303,2358,Gorakhpur APMC
Madhya Pradesh,19,Dindori,303,2762,Shahpura APMC
Madhya Pradesh,19,Guna,304,4415,Aaron(F&V) APMC
Madhya Pradesh,19,Guna,304,2099,Aron APMC
Madhya Pradesh,19,Guna,304,2330,Binaganj APMC
Madhya Pradesh,19,Guna,304,520,Guna APMC
Madhya Pradesh,19,Guna,304,3060,Guna(F&V) APMC
Madhya Pradesh,19,Guna,304,1237,Kumbhraj APMC
Madhya Pradesh,19,Guna,304,2329,Maksudangarh APMC
Madhya Pradesh,19,Guna,304,2659,Raghogarh APMC
Madhya Pradesh,19,Gwalior,305,3776,Bhitarwar APMC
Madhya Pradesh,19,Gwalior,305,178,Dabra APMC
Madhya Pradesh,19,Gwalior,305,4449,Dabra(F&V) APMC
Madhya Pradesh,19,Gwalior,305,521,Lashkar APMC
Madhya Pradesh,19,Gwalior,305,3059,Lashkar(F&V) APMC
Madhya Pradesh,19,Harda,306,1084,Harda APMC
Madhya Pradesh,19,Harda,306,3045,Harda(F&V) APMC
Madhya Pradesh,19,Harda,306,2080,Khirakiya APMC
Madhya Pradesh,19,Harda,306,4487,Khirkiya(F&V) APMC
Madhya Pradesh,19,Harda,306,3770,Sirali APMC
Madhya Pradesh,19,Harda,306,4546,Sirali(F&V) APMC
Madhya Pradesh,19,Harda,306,2078,Timarni APMC
Madhya Pradesh,19,Harda,306,4557,Timarni(F&V) APMC
Madhya Pradesh,19,Hoshangabad,307,3772,Babai APMC
Madhya Pradesh,19,Hoshangabad,307,2077,Banapura APMC
Madhya Pradesh,19,Hoshangabad,307,4433,Banapura(F&V) APMC
Madhya Pradesh,19,Hoshangabad,307,2112,Bankhedi APMC
Madhya Pradesh,19,Hoshangabad,307,2667,Hoshangabad APMC
Madhya Pradesh,19,Hoshangabad,307,4464,Hoshangabad(F&V) APMC
Madhya Pradesh,19,Hoshangabad,307,519,Itarsi APMC
Madhya Pradesh,19,Hoshangabad,307,4466,Itarsi(F&V) APMC
Madhya Pradesh,19,Hoshangabad,307,529,Pipariya APMC
Madhya Pradesh,19,Hoshangabad,307,4524,Pipariya(F&V) APMC
Madhya Pradesh,19,Hoshangabad,307,2109,Semriharchand APMC
Madhya Pradesh,19,Indore,308,2113,Gautampura APMC
Madhya Pradesh,19,Indore,308,4458,Gautampura(F&V) APMC
Madhya Pradesh,19,Indore,308,3046,Indore APMC
Madhya Pradesh,19,Indore,308,179,Indore(F&V) APMC
Madhya Pradesh,19,Indore,308,790,Mhow APMC
Madhya Pradesh,19,Indore,308,4506,Mhow(F&V) APMC
Madhya Pradesh,19,Indore,308,2074,Sanwer APMC
Madhya Pradesh,19,Indore,308,4535,Sanwer(F&V) APMC
Madhya Pradesh,19,Jabalpur,309,535,Jabalpur APMC
Madhya Pradesh,19,Jabalpur,309,3071,Jabalpur(F&V) APMC
Madhya Pradesh,19,Jabalpur,309,3787,Paatan APMC
Madhya Pradesh,19,Jabalpur,309,4522,Patan(F&V) APMC
Madhya Pradesh,19,Jabalpur,309,1608,Sehora APMC
Madhya Pradesh,19,Jabalpur,309,4537,Sehora(F&V) APMC
Madhya Pradesh,19,Jabalpur,309,3072,Shahpura Bhitoni (F&V) APMC
Madhya Pradesh,19,Jabalpur,309,1244,Shahpura(Jabalpur) APMC
Madhya Pradesh,19,Jabalpur,309,4541,ShahpuraBhitoni(F&V) APMC
Madhya Pradesh,19,Jabalpur,309,3469,Sihora APMC
Madhya Pradesh,19,Jabalpur,309,3070,Sihora(F&V) APMC
Madhya Pradesh,19,Jhabua,310,2115,Jhabua APMC
Madhya Pradesh,19,Jhabua,310,4470,Jhabua(F&V) APMC
Madhya Pradesh,19,Jhabua,310,1229,Petlawad APMC
Madhya Pradesh,19,Jhabua,310,4523,Petlawad(F&V) APMC
Madhya Pradesh,19,Jhabua,310,2096,Thandla APMC
Madhya Pradesh,19,Jhabua,310,4555,Thandla(F&V) APMC
Madhya Pradesh,19,Katni,311,180,Katni APMC
Madhya Pradesh,19,Katni,311,3073,Katni(F&V) APMC
Madhya Pradesh,19,Khandwa,312,4428,Badwah(F&V) APMC
Madhya Pradesh,19,Khandwa,312,2349,Harsood APMC
Madhya Pradesh,19,Khandwa,312,523,Khandwa APMC
Madhya Pradesh,19,Khandwa,312,3050,Khandwa(F&V) APMC
Madhya Pradesh,19,Khandwa,312,4484,Khargone(F&V) APMC
Madhya Pradesh,19,Khandwa,312,3969,Mundi APMC
Madhya Pradesh,19,Khandwa,312,2107,Pandhana APMC
Madhya Pradesh,19,Khandwa,312,3051,Pandhana(F&V) APMC
Madhya Pradesh,19,Khandwa,312,4534,Sanawad(F&V) APMC
Madhya Pradesh,19,Khargone,313,2095,Badwaha APMC
Madhya Pradesh,19,Khargone,313,3968,Bedia APMC
Madhya Pradesh,19,Khargone,313,2079,Bhikangaon APMC
Madhya Pradesh,19,Khargone,313,2321,Karhi APMC
Madhya Pradesh,19,Khargone,313,2328,Kasrawad APMC
Madhya Pradesh,19,Khargone,313,524,Khargone APMC
Madhya Pradesh,19,Khargone,313,1230,Sanawad APMC
Madhya Pradesh,19,Khargone,313,2343,Segaon APMC
Madhya Pradesh,19,Mandla,314,4443,Bichiya(F&V) APMC
Madhya Pradesh,19,Mandla,314,2366,Krishi Upaj Mandi Samiti Bichhiya
Madhya Pradesh,19,Mandla,314,791,Mandla APMC
Madhya Pradesh,19,Mandla,314,4504,Mandla(F&V) APMC
Madhya Pradesh,19,Mandla,314,2646,Nainpur APMC
Madhya Pradesh,19,Mandsaur,315,3106,Bhanpura APMC
Madhya Pradesh,19,Mandsaur,315,4441,Bhanpura(F&V) APMC
Madhya Pradesh,19,Mandsaur,315,3773,Daloda APMC
Madhya Pradesh,19,Mandsaur,315,3285,Garoth APMC
Madhya Pradesh,19,Mandsaur,315,4457,Garoth(F&V) APMC
Madhya Pradesh,19,Mandsaur,315,522,Mandsaur APMC
Madhya Pradesh,19,Mandsaur,315,3055,Mandsaur(F&V) APMC
Madhya Pradesh,19,Mandsaur,315,4525,Piplaya(F&V) APMC
Madhya Pradesh,19,Mandsaur,315,2336,Piplya APMC
Madhya Pradesh,19,Mandsaur,315,2325,Shamgarh APMC
Madhya Pradesh,19,Mandsaur,315,3056,Shamgarh(F&V) APMC
Madhya Pradesh,19,Mandsaur,315,4547,Sitamau(F&V) APMC
Madhya Pradesh,19,Mandsaur,315,2662,Sitmau APMC
Madhya Pradesh,19,Mandsaur,315,2123,Suvasra APMC
Madhya Pradesh,19,Mandsaur,315,4552,Suvasra(F&V) APMC
Madhya Pradesh,19,Morena,316,4422,Ambah(F&V) APMC
Madhya Pradesh,19,Morena,316,2663,Ambaha APMC
Madhya Pradesh,19,Morena,316,3777,Banmorkalan APMC
Madhya Pradesh,19,Morena,316,3002,Jora APMC
Madhya Pradesh,19,Morena,316,4473,Jora(F&V) APMC
Madhya Pradesh,19,Morena,316,1239,Kailaras APMC
Madhya Pradesh,19,Morena,316,4474,Kailaras(F&V) APMC
Madhya Pradesh,19,Morena,316,530,Morena APMC
Madhya Pradesh,19,Morena,316,3064,Morena(F&V) APMC
Madhya Pradesh,19,Morena,316,2367,Porsa APMC
Madhya Pradesh,19,Morena,316,3065,Porsa(F&V) APMC
Madhya Pradesh,19,Morena,316,2121,Sabalgarh APMC
Madhya Pradesh,19,Morena,316,4532,Sabalgarh(F&V) APMC
Madhya Pradesh,19,Narsinghpur,317,2090,Gadarwada APMC
Madhya Pradesh,19,Narsinghpur,317,4454,Gadarwara(F&V) APMC
Madhya Pradesh,19,Narsinghpur,317,2094,Gotegaon APMC
Madhya Pradesh,19,Narsinghpur,317,4461,Gotegaon(F&V) APMC
Madhya Pradesh,19,Narsinghpur,317,2081,Kareli APMC
Madhya Pradesh,19,Narsinghpur,317,4477,Kareli(F&V) APMC
Madhya Pradesh,19,Narsinghpur,317,533,Narsinghpur APMC
Madhya Pradesh,19,Narsinghpur,317,4514,Narsinghpur(F&V) APMC
Madhya Pradesh,19,Narsinghpur,317,2340,Tendukheda APMC
Madhya Pradesh,19,Neemuch,318,2727,Javad APMC
Madhya Pradesh,19,Neemuch,318,4467,Jawad(F&V) APMC
Madhya Pradesh,19,Neemuch,318,2111,Manasa APMC
Madhya Pradesh,19,Neemuch,318,4502,Manasa(F&V) APMC
Madhya Pradesh,19,Neemuch,318,182,Neemuch APMC
Madhya Pradesh,19,Neemuch,318,4515,Neemuch(F&V) APMC
Madhya Pradesh,19,Panna,319,2357,Ajaygarh APMC
Madhya Pradesh,19,Panna,319,2346,Devandranagar APMC
Madhya Pradesh,19,Panna,319,788,Panna APMC
Madhya Pradesh,19,Panna,319,4520,Panna(F&V) APMC
Madhya Pradesh,19,Panna,319,3782,Pawai APMC
Madhya Pradesh,19,Panna,319,3783,Simariya APMC
Madhya Pradesh,19,Raisen,320,2093,Bareli APMC
Madhya Pradesh,19,Raisen,320,4434,Bareli(F&V) APMC
Madhya Pradesh,19,Raisen,320,2106,Begamganj APMC
Madhya Pradesh,19,Raisen,320,4436,Begamganj(F&V) APMC
Madhya Pradesh,19,Raisen,320,2098,Gairatganj APMC
Madhya Pradesh,19,Raisen,320,4455,Gairatganj(F&V) APMC
Madhya Pradesh,19,Raisen,320,1661,Obedullaganj APMC
Madhya Pradesh,19,Raisen,320,4517,Obedullaganj(F&V) APMC
Madhya Pradesh,19,Raisen,320,534,Raisen APMC
Madhya Pradesh,19,Raisen,320,4527,Raisen(F&V) APMC
Madhya Pradesh,19,Raisen,320,3771,Silvani APMC
Madhya Pradesh,19,Raisen,320,2091,Udaipura APMC
Madhya Pradesh,19,Rajgarh,321,1660,Biaora APMC
Madhya Pradesh,19,Rajgarh,321,4442,Biaora(F&V) APMC
Madhya Pradesh,19,Rajgarh,321,2350,Chhapiheda APMC
Madhya Pradesh,19,Rajgarh,321,2104,Jeerapur APMC
Madhya Pradesh,19,Rajgarh,321,4471,Jirapur(F&V) APMC
Madhya Pradesh,19,Rajgarh,321,2327,Khilchipur APMC
Madhya Pradesh,19,Rajgarh,321,2348,Khujner APMC
Madhya Pradesh,19,Rajgarh,321,4488,Khujner(F&V) APMC
Madhya Pradesh,19,Rajgarh,321,2323,Kurawar APMC
Madhya Pradesh,19,Rajgarh,321,2644,Machalpur APMC
Madhya Pradesh,19,Rajgarh,321,4496,Machalpur(F&V) APMC
Madhya Pradesh,19,Rajgarh,321,2086,Narsinghgarh APMC
Madhya Pradesh,19,Rajgarh,321,4513,Narsinghgarh(F&V) APMC
Madhya Pradesh,19,Rajgarh,321,2085,Pachaur APMC
Madhya Pradesh,19,Rajgarh,321,4518,Pachaur(F&V) APMC
Madhya Pradesh,19,Rajgarh,321,2334,Sarangpur APMC
Madhya Pradesh,19,Rajgarh,321,4536,Sarangpur(F&V) APMC
Madhya Pradesh,19,Rajgarh,321,2656,Suthalia APMC
Madhya Pradesh,19,Ratlam,322,1235,A lot APMC
Madhya Pradesh,19,Ratlam,322,4420,Alot(F&V) APMC
Madhya Pradesh,19,Ratlam,322,1085,Jaora APMC
Madhya Pradesh,19,Ratlam,322,4469,Jawra(F&V) APMC
Madhya Pradesh,19,Ratlam,322,527,Ratlam APMC
Madhya Pradesh,19,Ratlam,322,3057,Ratlam(F&V) APMC
Madhya Pradesh,19,Ratlam,322,2088,Sailana APMC
Madhya Pradesh,19,Ratlam,322,4533,Sailana(F&V) APMC
Madhya Pradesh,19,Ratlam,322,2365,Taal APMC
Madhya Pradesh,19,Ratlam,322,4553,Taal(F&V) APMC
Madhya Pradesh,19,Rewa,323,1247,Baikunthpur APMC
Madhya Pradesh,19,Rewa,323,4430,Baikunthpur(F&V) APMC
Madhya Pradesh,19,Rewa,323,2651,Chaakghat APMC
Madhya Pradesh,19,Rewa,323,4444,Chakghat(F&V) APMC
Madhya Pradesh,19,Rewa,323,2364,Hanumana APMC
Madhya Pradesh,19,Rewa,323,4462,Hanumana(F&V) APMC
Madhya Pradesh,19,Rewa,323,536,Rewa APMC
Madhya Pradesh,19,Rewa,323,4531,Rewa(F&V) APMC
Madhya Pradesh,19,Sagar,324,2338,Bamora APMC
Madhya Pradesh,19,Sagar,324,2122,Banda APMC
Madhya Pradesh,19,Sagar,324,2083,Bina APMC
Madhya Pradesh,19,Sagar,324,1241,Deori APMC
Madhya Pradesh,19,Sagar,324,4451,Devri(F&V) APMC
Madhya Pradesh,19,Sagar,324,4453,Gadakota(F&V) APMC
Madhya Pradesh,19,Sagar,324,2117,Garhakota APMC
Madhya Pradesh,19,Sagar,324,3778,Jaisinagar APMC
Madhya Pradesh,19,Sagar,324,2652,Kesli APMC
Madhya Pradesh,19,Sagar,324,1240,Khurai APMC
Madhya Pradesh,19,Sagar,324,4489,Khurai(F&V) APMC
Madhya Pradesh,19,Sagar,324,3400,Malthone APMC
Madhya Pradesh,19,Sagar,324,4501,Malthone(F&V) APMC
Madhya Pradesh,19,Sagar,324,2335,Rahatgarh APMC
Madhya Pradesh,19,Sagar,324,2116,Rehli APMC
Madhya Pradesh,19,Sagar,324,4529,Rehli(F&V) APMC
Madhya Pradesh,19,Sagar,324,525,Sagar APMC
Madhya Pradesh,19,Sagar,324,3067,Sagar(F&V) APMC
Madhya Pradesh,19,Sagar,324,2359,Shahagarh APMC
Madhya Pradesh,19,Satna,325,2641,Amarpatan APMC
Madhya Pradesh,19,Satna,325,4421,Amarpatan(F&V) APMC
Madhya Pradesh,19,Satna,325,4499,Maihar(F&V) APMC
Madhya Pradesh,19,Satna,325,2650,Mehar APMC
Madhya Pradesh,19,Satna,325,2092,Nagod APMC
Madhya Pradesh,19,Satna,325,3007,Ramnagar APMC
Madhya Pradesh,19,Satna,325,185,Satna APMC
Madhya Pradesh,19,Satna,325,3079,Satna(F&V) APMC
Madhya Pradesh,19,Sehore,326,4416,Aashta(F&V) APMC
Madhya Pradesh,19,Sehore,326,528,Ashta APMC
Madhya Pradesh,19,Sehore,326,2666,Baktara APMC
Madhya Pradesh,19,Sehore,326,4432,Baktara(F&V) APMC
Madhya Pradesh,19,Sehore,326,2642,Ichhawar APMC
Madhya Pradesh,19,Sehore,326,4465,Ichhawar(F&V) APMC
Madhya Pradesh,19,Sehore,326,3769,Jawar APMC
Madhya Pradesh,19,Sehore,326,4468,Jawar(F&V) APMC
Madhya Pradesh,19,Sehore,326,1659,Nasrullaganj APMC
Madhya Pradesh,19,Sehore,326,4516,Nasrullaganj(F&V) APMC
Madhya Pradesh,19,Sehore,326,2322,Rehati APMC
Madhya Pradesh,19,Sehore,326,4530,Rehti(F&V) APMC
Madhya Pradesh,19,Sehore,326,526,Sehore APMC
Madhya Pradesh,19,Sehore,326,4538,Sehore(F&V) APMC
Madhya Pradesh,19,Sehore,326,2355,Shyampur APMC
Madhya Pradesh,19,Seoni,327,3006,Barghat APMC
Madhya Pradesh,19,Seoni,327,4435,Barghat(F&V) APMC
Madhya Pradesh,19,Seoni,327,4446,Chhapara(F&V) APMC
Madhya Pradesh,19,Seoni,327,2661,Chhpara APMC
Madhya Pradesh,19,Seoni,327,4459,Ghansore(F&V) APMC
Madhya Pradesh,19,Seoni,327,2653,Ghansour APMC
Madhya Pradesh,19,Seoni,327,4480,KEOLARI APMC
Madhya Pradesh,19,Seoni,327,2120,Keolari APMC
Madhya Pradesh,19,Seoni,327,2658,Lakhnadon APMC
Madhya Pradesh,19,Seoni,327,3078,Lakhnadon(F&V) APMC
Madhya Pradesh,19,Seoni,327,4493,Lakhnadown(F&V) APMC
Madhya Pradesh,19,Seoni,327,3790,Palari APMC
Madhya Pradesh,19,Seoni,327,4519,Palari(F&V) APMC
Madhya Pradesh,19,Seoni,327,537,Seoni APMC
Madhya Pradesh,19,Seoni,327,4540,Seoni(F&V) APMC
Madhya Pradesh,19,Shajapur,328,1236,Agar APMC
Madhya Pradesh,19,Shajapur,328,3286,Akodiya APMC
Madhya Pradesh,19,Shajapur,328,4418,Akodiya(F&V) APMC
Madhya Pradesh,19,Shajapur,328,2353,Badod APMC
Madhya Pradesh,19,Shajapur,328,2647,Berachha APMC
Madhya Pradesh,19,Shajapur,328,4437,Bercha(F&V) APMC
Madhya Pradesh,19,Shajapur,328,2103,Kalapipal APMC
Madhya Pradesh,19,Shajapur,328,4475,Kalapipal(F&V) APMC
Madhya Pradesh,19,Shajapur,328,2337,Maksi APMC
Madhya Pradesh,19,Shajapur,328,4500,Maksi(F&V) APMC
Madhya Pradesh,19,Shajapur,328,2342,Momanbadodiya APMC
Madhya Pradesh,19,Shajapur,328,4508,Momanbadodiya(F&V) APMC
Madhya Pradesh,19,Shajapur,328,2114,Nalkehda APMC
Madhya Pradesh,19,Shajapur,328,2097,Shajapur APMC
Madhya Pradesh,19,Shajapur,328,3058,Shajapur(F&V) APMC
Madhya Pradesh,19,Shajapur,328,1086,Shujalpur APMC
Madhya Pradesh,19,Shajapur,328,4544,Shujalpur(F&V) APMC
Madhya Pradesh,19,Shajapur,328,3287,Soyatkalan APMC
Madhya Pradesh,19,Shajapur,328,2347,Susner APMC
Madhya Pradesh,19,Shehdol,329,2351,Beohari APMC
Madhya Pradesh,19,Shehdol,329,3008,Budhar APMC
Madhya Pradesh,19,Shehdol,329,538,Shahdol APMC
Madhya Pradesh,19,Sheopur,330,2326,Sheopurbadod APMC
Madhya Pradesh,19,Sheopur,330,4542,Sheopurbadod(F&V) APMC
Madhya Pradesh,19,Sheopur,330,1087,Sheopurkalan APMC
Madhya Pradesh,19,Sheopur,330,4543,Sheopurkalan(F&V) APMC
Madhya Pradesh,19,Sheopur,330,3066,Syopurkalan(F&V) APMC
Madhya Pradesh,19,Sheopur,330,2654,Vijaypur APMC
Madhya Pradesh,19,Shivpuri,331,2331,Badarwas APMC
Madhya Pradesh,19,Shivpuri,331,4425,Badarwas(F&V) APMC
Madhya Pradesh,19,Shivpuri,331,4431,Bairad(F&V) APMC
Madhya Pradesh,19,Shivpuri,331,3775,Barad APMC
Madhya Pradesh,19,Shivpuri,331,2339,Karera APMC
Madhya Pradesh,19,Shivpuri,331,4478,Karera(F&V) APMC
Madhya Pradesh,19,Shivpuri,331,2124,Khaniadhana APMC
Madhya Pradesh,19,Shivpuri,331,4483,Khaniyadhana(F&V) APMC
Madhya Pradesh,19,Shivpuri,331,3288,Khanyadhana APMC
Madhya Pradesh,19,Shivpuri,331,3000,Khatora APMC
Madhya Pradesh,19,Shivpuri,331,2105,Kolaras APMC
Madhya Pradesh,19,Shivpuri,331,4490,Kolaras(F&V) APMC
Madhya Pradesh,19,Shivpuri,331,2361,Magroni APMC
Madhya Pradesh,19,Shivpuri,331,4497,Magroni(F&V) APMC
Madhya Pradesh,19,Shivpuri,331,2360,Pichhour APMC
Madhya Pradesh,19,Shivpuri,331,2102,Pohari APMC
Madhya Pradesh,19,Shivpuri,331,4526,Pohri(F&V) APMC
Madhya Pradesh,19,Shivpuri,331,3774,Rannod APMC
Madhya Pradesh,19,Shivpuri,331,539,Shivpuri APMC
Madhya Pradesh,19,Shivpuri,331,3062,Shivpuri(F&V) APMC
Madhya Pradesh,19,Sidhi,332,792,Sidhi APMC
Madhya Pradesh,19,Singroli,333,2354,Singroli APMC
Madhya Pradesh,19,Singroli,333,4545,Singroli(F&V) APMC
Madhya Pradesh,19,Tikamgarh,334,2362,Jatara APMC
Madhya Pradesh,19,Tikamgarh,334,3784,Khargapur APMC
Madhya Pradesh,19,Tikamgarh,334,2108,Niwadi APMC
Madhya Pradesh,19,Tikamgarh,334,3069,Niwadi(F&V) APMC
Madhya Pradesh,19,Tikamgarh,334,3785,Palera APMC
Madhya Pradesh,19,Tikamgarh,334,3786,Prithvipur APMC
Madhya Pradesh,19,Tikamgarh,334,540,Tikamgarh APMC
Madhya Pradesh,19,Tikamgarh,334,4556,Tikamgarh(F&V) APMC
Madhya Pradesh,19,Ujjain,335,2082,Badnagar APMC
Madhya Pradesh,19,Ujjain,335,4426,Badnagar(F&V) APMC
Madhya Pradesh,19,Ujjain,335,4481,Khaachrod(F&V) APMC
Madhya Pradesh,19,Ujjain,335,2333,Khachrod APMC
Madhya Pradesh,19,Ujjain,335,1231,Mahidpur APMC
Madhya Pradesh,19,Ujjain,335,4498,Mahidpur(F&V) APMC
Madhya Pradesh,19,Ujjain,335,2118,Nagda APMC
Madhya Pradesh,19,Ujjain,335,4511,Nagda(F&V) APMC
Madhya Pradesh,19,Ujjain,335,1232,Tarana APMC
Madhya Pradesh,19,Ujjain,335,4554,Tarana(F&V) APMC
Madhya Pradesh,19,Ujjain,335,186,Ujjain APMC
Madhya Pradesh,19,Ujjain,335,3053,Ujjain(F&V) APMC
Madhya Pradesh,19,Ujjain,335,2341,Unhel APMC
Madhya Pradesh,19,Ujjain,335,4558,Unhel(F&V) APMC
Madhya Pradesh,19,Umariya,336,1248,Umariya APMC
Madhya Pradesh,19,Vidisha,337,187,Ganjbasoda APMC
Madhya Pradesh,19,Vidisha,337,4456,Ganjbasoda(F&V) APMC
Madhya Pradesh,19,Vidisha,337,2998,Gulabganj APMC
Madhya Pradesh,19,Vidisha,337,2369,Kurwai APMC
Madhya Pradesh,19,Vidisha,337,2643,Lateri APMC
Madhya Pradesh,19,Vidisha,337,2332,Shamshabad APMC
Madhya Pradesh,19,Vidisha,337,2084,Sironj APMC
Madhya Pradesh,19,Vidisha,337,188,Vidisha APMC
Madhya Pradesh,19,Vidisha,337,4560,Vidisha(F&V) APMC
Maharashtra,20,Ahilyanagar,338,145,Ahilyanagar APMC
Maharashtra,20,Ahilyanagar,338,1601,Akole APMC
Maharashtra,20,Ahilyanagar,338,1282,Jamkhed APMC
Maharashtra,20,Ahilyanagar,338,1297,Karjat APMC
Maharashtra,20,Ahilyanagar,338,2129,Karjat(Rashin) APMC
Maharashtra,20,Ahilyanagar,338,1283,Kopargaon APMC
Maharashtra,20,Ahilyanagar,338,1649,Newasa APMC
Maharashtra,20,Ahilyanagar,338,2708,Newasa(Ghodegaon) APMC
Maharashtra,20,Ahilyanagar,338,4025,"Omchatinya Multi State Agro Purpose Co-Op Society, Dist Ahilyanagar"
Maharashtra,20,Ahilyanagar,338,1894,Parner APMC
Maharashtra,20,Ahilyanagar,338,1284,Pathardi APMC
Maharashtra,20,Ahilyanagar,338,4003,"Prasanna Krushi Market, Tal Parnet, Dist Ahilyanagar"
Maharashtra,20,Ahilyanagar,338,2039,Rahata APMC
Maharashtra,20,Ahilyanagar,338,1634,Rahuri APMC
Maharashtra,20,Ahilyanagar,338,2707,Rahuri(Songaon) APMC
Maharashtra,20,Ahilyanagar,338,2130,Rahuri(Vambori) APMC
Maharashtra,20,Ahilyanagar,338,813,Sangamner APMC
Maharashtra,20,Ahilyanagar,338,1285,Shevgaon APMC
Maharashtra,20,Ahilyanagar,338,2131,Shevgaon(Bodhegaon) APMC
Maharashtra,20,Ahilyanagar,338,4024,"Shree Sairaj Krushi Market, Dist Ahilyanagar"
Maharashtra,20,Ahilyanagar,338,1286,Shrigonda APMC
Maharashtra,20,Ahilyanagar,338,2709,Shrigonda(Ghogargaon) APMC
Maharashtra,20,Ahilyanagar,338,1287,Shrirampur APMC
Maharashtra,20,Ahilyanagar,338,2132,Shrirampur(Belapur) APMC
Maharashtra,20,Dharashiv,347,1962,Agriculture Produce Market Committee Umarga
Maharashtra,20,Dharashiv,347,1959,Bhoom APMC
Maharashtra,20,Dharashiv,347,1655,Dharashiv APMC
Maharashtra,20,Dharashiv,347,1599,Kalamb (Dharashiv) APMC
Maharashtra,20,Dharashiv,347,1600,Murum APMC
Maharashtra,20,Dharashiv,347,1960,Paranda APMC
Maharashtra,20,Dharashiv,347,1961,Tuljapur APMC
Maharashtra,20,Dharashiv,347,2053,Washi (Dharashiv) APMC
Maharashtra,20,Jalna,352,1650,Ambad (Vadigodri) APMC
Maharashtra,20,Jalna,352,2045,Ashti(Jalna) APMC
Maharashtra,20,Jalna,352,560,BHOKARDAN APMC
Maharashtra,20,Jalna,352,2155,Badnapur APMC
Maharashtra,20,Jalna,352,2154,Bhokardan(Pimpalgaon Renu) APMC
Maharashtra,20,Jalna,352,2046,Ghansawangi APMC
Maharashtra,20,Jalna,352,3453,Jafrabad APMC
Maharashtra,20,Jalna,352,150,Jalana APMC
Maharashtra,20,Jalna,352,1907,Mantha APMC
Maharashtra,20,Jalna,352,1323,Partur APMC
Maharashtra,20,Jalna,352,3135,Partur(Vatur) APMC
Maharashtra,20,Solapur,369,1636,Akkalkot APMC
Maharashtra,20,Solapur,369,1637,Akluj APMC
Maharashtra,20,Solapur,369,167,Barshi APMC
Maharashtra,20,Solapur,369,2151,Barshi(Vairag) APMC
Maharashtra,20,Solapur,369,3141,Dudhani APMC
Maharashtra,20,Solapur,369,1316,Karmala APMC
Maharashtra,20,Solapur,369,1317,Kurdwadi APMC
Maharashtra,20,Solapur,369,2152,Kurdwadi(Modnimb) APMC
Maharashtra,20,Solapur,369,3996,"Laxmi-Sopan Agriculture Produce Marketing Co Ltd, Barshi, Dist Solapur"
Maharashtra,20,Solapur,369,1318,Mangal Wedha APMC
Maharashtra,20,Solapur,369,1905,Mohol APMC
Maharashtra,20,Solapur,369,555,Pandharpur APMC
Maharashtra,20,Solapur,369,4028,"Perfect Krushi Market Yard, Tal Madha, Dist Solapur"
Maharashtra,20,Solapur,369,168,SHRI.SIDDHESHWAR  APMC
Maharashtra,20,Solapur,369,556,Sangola APMC
Maharashtra,20,Palghar,371,1280,APMC VASAI
Maharashtra,20,Palghar,371,1279,Bhivandi APMC
Maharashtra,20,Palghar,371,1893,Dahanu APMC
Maharashtra,20,Palghar,371,169,Kalyan APMC
Maharashtra,20,Palghar,371,3133,Kalyan(Cattle Market) APMC
Maharashtra,20,Palghar,371,1889,Murbad APMC
Maharashtra,20,Palghar,371,1890,Palghar APMC
Maharashtra,20,Palghar,371,1891,Shahapur APMC
Maharashtra,20,Palghar,371,1281,Ulhasnagar APMC
Maharashtra,20,Washim,372,4016,"Balaji Krushi Bazar, Dist Washim
"
Maharashtra,20,Washim,372,4030,"Jai Gajanan Krushi Bazar, Washim"
Maharashtra,20,Washim,372,568,Karanja APMC
Maharashtra,20,Washim,372,4011,"Krushna Krishi Bazar, Washim"
Maharashtra,20,Washim,372,1932,Malegaon(Vashim) APMC
Maharashtra,20,Washim,372,1343,Mangrulpeer APMC
Maharashtra,20,Washim,372,1344,Manora APMC
Maharashtra,20,Washim,372,4001,"N.N.Mundhada Agriculture Market Produce, Dist Washim"
Maharashtra,20,Washim,372,1345,Risod APMC
Maharashtra,20,Washim,372,4032,"Shetkari Krushi Bazar, Tal Manora, Dist Washim"
Maharashtra,20,Washim,372,1632,Washim APMC
Maharashtra,20,Washim,372,2162,Washim(Ansing) APMC
Maharashtra,20,Akola,339,146,Akola APMC
Maharashtra,20,Akola,339,3447,Akola(Borgaon Manju) APMC
Maharashtra,20,Akola,339,1207,Akot APMC
Maharashtra,20,Akola,339,1327,Balapur APMC
Maharashtra,20,Akola,339,1916,Barshi Takli APMC
Maharashtra,20,Akola,339,4009,"Late Vasantraoji Dandale Khajgi Krushi Bazar, Tal Balapur, Dist Akola"
Maharashtra,20,Akola,339,569,Murtizapur APMC
Maharashtra,20,Akola,339,1917,Patur APMC
Maharashtra,20,Akola,339,4005,"Shri Gajanan Maharaj Khajagi Krushi Utpanna Bazar, Akot, Dist Akola"
Maharashtra,20,Akola,339,1328,Telhara APMC
Maharashtra,20,Amarawati,340,570,Achalpur APMC
Maharashtra,20,Amarawati,340,1920,Agricultural Produce Market Committee Nandgaon Khandeshwar
Maharashtra,20,Amarawati,340,147,Amarawati APMC
Maharashtra,20,Amarawati,340,2704,Amrawati(Frui & Veg. Market) APMC
Maharashtra,20,Amarawati,340,571,Anajngaon APMC
Maharashtra,20,Amarawati,340,1329,Chandur Bazar APMC
Maharashtra,20,Amarawati,340,1918,Chandur Railway APMC
Maharashtra,20,Amarawati,340,1638,Daryapur APMC
Maharashtra,20,Amarawati,340,1639,Dhamngaon-Railway APMC
Maharashtra,20,Amarawati,340,1919,Dharni APMC
Maharashtra,20,Amarawati,340,1330,Morshi APMC
Maharashtra,20,Amarawati,340,3972,Shetkari Krushi Utapanna Bazar Roshankheda Tal Varud Dist Amravati
Maharashtra,20,Amarawati,340,1921,Tiwasa APMC
Maharashtra,20,Amarawati,340,1331,Varud APMC
Maharashtra,20,Amarawati,340,2157,Varud(Rajura Bazar) APMC
Maharashtra,20,Beed,342,1363,Ambejogai APMC
Maharashtra,20,Beed,342,559,Beed APMC
Maharashtra,20,Beed,342,1364,Gevrai APMC
Maharashtra,20,Beed,342,1365,Kada APMC
Maharashtra,20,Beed,342,3136,Kada(Ashti) APMC
Maharashtra,20,Beed,342,4013,"Kai Madhavrao Pawar Khajgi Krushi Utappan Bazar, Georai, Dist Beed"
Maharashtra,20,Beed,342,1367,Kaij APMC
Maharashtra,20,Beed,342,1944,Kille Dharur APMC
Maharashtra,20,Beed,342,1648,Majalgaon APMC
Maharashtra,20,Beed,342,1366,Parali Vaijyanath APMC
Maharashtra,20,Beed,342,1945,Patoda APMC
Maharashtra,20,Beed,342,3140,Vadvani APMC
Maharashtra,20,Bhandara,343,1208,Bhandara APMC
Maharashtra,20,Bhandara,343,1346,Lakhandur APMC
Maharashtra,20,Bhandara,343,1347,Lakhani APMC
Maharashtra,20,Bhandara,343,1643,Pavani APMC
Maharashtra,20,Bhandara,343,1117,Tumsar APMC
Maharashtra,20,Buldhana,344,4022,"Acf Agro Marketing, Malkapur, Dist Buldhana"
Maharashtra,20,Buldhana,344,4010,"Bsk Krishi Bazar Private Limited, Mehkar, Dist Buldhana"
Maharashtra,20,Buldhana,344,2160,Buldhana APMC
Maharashtra,20,Buldhana,344,1923,Buldhana(Dhad) APMC
Maharashtra,20,Buldhana,344,572,Chikali APMC
Maharashtra,20,Buldhana,344,3977,"Dand Brothers Agro Product Pvt Ltd, Malkapur, Dist Buldhana"
Maharashtra,20,Buldhana,344,1646,Deoulgaon Raja APMC
Maharashtra,20,Buldhana,344,4008,"Deulgaon Raja Balaji Agro Marketing Pvt Market, Deulgaon Raja, Dist Buldhana"
Maharashtra,20,Buldhana,344,2158,Jalgaon Jamod(Aasalgaon) APMC
Maharashtra,20,Buldhana,344,573,Jalgaon(Jamod) APMC
Maharashtra,20,Buldhana,344,4012,"Jaykissan Krushi Uttpan Khajgi Bazar, Khamgaon, Dist Buldhana"
Maharashtra,20,Buldhana,344,148,Khamgaon APMC
Maharashtra,20,Buldhana,344,1336,Krushi Utpanna Bazar Samiti Shegaon
Maharashtra,20,Buldhana,344,1332,Lonar APMC
Maharashtra,20,Buldhana,344,4004,"Maharaja Agresen Pvt Krushi Utappan Bazar Samati, Dist Buldhana"
Maharashtra,20,Buldhana,344,574,Malkapur APMC
Maharashtra,20,Buldhana,344,1333,Mehekar APMC
Maharashtra,20,Buldhana,344,1922,Motala APMC
Maharashtra,20,Buldhana,344,1334,Nandura APMC
Maharashtra,20,Buldhana,344,1335,Sangrampur APMC
Maharashtra,20,Buldhana,344,2159,Sangrampur(Varvatbakal) APMC
Maharashtra,20,Buldhana,344,1924,Sindkhed Raja APMC
Maharashtra,20,Chandrapur,345,580,APMC CHANDRAPUR
Maharashtra,20,Chandrapur,345,1349,APMC Chimur
Maharashtra,20,Chandrapur,345,3456,APMC Pombhurna
Maharashtra,20,Chandrapur,345,1933,APMC Rajura
Maharashtra,20,Chandrapur,345,1935,Bhadrawati APMC
Maharashtra,20,Chandrapur,345,1348,Brahmpuri APMC
Maharashtra,20,Chandrapur,345,2163,Chandrapur(Ganjwad) APMC
Maharashtra,20,Chandrapur,345,1352,Gondpimpri APMC
Maharashtra,20,Chandrapur,345,1936,Korpana APMC
Maharashtra,20,Chandrapur,345,1350,Mul APMC
Maharashtra,20,Chandrapur,345,1351,Nagbhid APMC
Maharashtra,20,Chandrapur,345,1353,Savali APMC
Maharashtra,20,Chandrapur,345,1934,Sindevahi APMC
Maharashtra,20,Chandrapur,345,1641,Varora APMC
Maharashtra,20,Chattrapati Sambhajinagar,346,558,Agricultural Produce Market Committee Sillod
Maharashtra,20,Chattrapati Sambhajinagar,346,4026,"Bhagyoday Cotton And Agri Market, Vaijapur, Chattrapati Sambhajinagar"
Maharashtra,20,Chattrapati Sambhajinagar,346,557,Chattrapati Sambhajinagar APMC
Maharashtra,20,Chattrapati Sambhajinagar,346,1906,Fulmbri APMC
Maharashtra,20,Chattrapati Sambhajinagar,346,1319,Gangapur APMC
Maharashtra,20,Chattrapati Sambhajinagar,346,1320,Kannad APMC
Maharashtra,20,Chattrapati Sambhajinagar,346,2044,Khultabad APMC
Maharashtra,20,Chattrapati Sambhajinagar,346,3989,"Kisan Seva Private Market, Tal Gangapur, Dist Chattrapati Sambhajinagar"
Maharashtra,20,Chattrapati Sambhajinagar,346,1321,Lasur Station APMC
Maharashtra,20,Chattrapati Sambhajinagar,346,3976,"Maharashtra Agriculture Farm Produce Pvt Market Yard, Tal Sillod, Dist Chattrapati Sambhajinagar"
Maharashtra,20,Chattrapati Sambhajinagar,346,1645,Paithan APMC
Maharashtra,20,Chattrapati Sambhajinagar,346,2153,Sillod(Bharadi) APMC
Maharashtra,20,Chattrapati Sambhajinagar,346,2043,Soygaon APMC
Maharashtra,20,Chattrapati Sambhajinagar,346,1322,Vaijpur APMC
Maharashtra,20,Dhule,348,149,Dhule APMC
Maharashtra,20,Dhule,348,2133,Dondaicha (Sindhkheda) APMC
Maharashtra,20,Dhule,348,545,Dondaicha APMC
Maharashtra,20,Dhule,348,4029,"Janata Agri Market (DLS Agro Infrastructure Pvt Ltd), Dist Dhule"
Maharashtra,20,Dhule,348,3973,"Keshranand Cottex Pvt Agro, Dondicha, Dist Dhule"
Maharashtra,20,Dhule,348,4034,"Pratap Nana Mahale Khajgi Krushi Uttpana Bazar, Samati-Dhule"
Maharashtra,20,Dhule,348,1288,Sakri APMC
Maharashtra,20,Dhule,348,1289,Shirpur APMC
Maharashtra,20,Gadchiroli,349,1937,Aheri APMC
Maharashtra,20,Gadchiroli,349,1642,Armori APMC
Maharashtra,20,Gadchiroli,349,2164,Armori(Desaiganj) APMC
Maharashtra,20,Gadchiroli,349,1647,Chamorshi APMC
Maharashtra,20,Gadchiroli,349,581,Gadchiroli APMC
Maharashtra,20,Gadchiroli,349,3464,Sironcha APMC
Maharashtra,20,Gondiya,350,578,Amgaon APMC
Maharashtra,20,Gondiya,350,579,Arjuni Morgaon APMC
Maharashtra,20,Gondiya,350,1361,Gondiya APMC
Maharashtra,20,Gondiya,350,1943,Goregaon APMC
Maharashtra,20,Gondiya,350,3459,Sadak Arjuni APMC
Maharashtra,20,Gondiya,350,1362,Tiroda APMC
Maharashtra,20,Hingoli,351,3992,"Adarsh Krishi Bazar, Dist Hingoli"
Maharashtra,20,Hingoli,351,1912,Akhadabalapur APMC
Maharashtra,20,Hingoli,351,1913,Basmat APMC
Maharashtra,20,Hingoli,351,3138,Basmat(Kurunda) APMC
Maharashtra,20,Hingoli,351,4020,"Gajanaan Krushi Bazar, Kalmunri, Dist Hingoli"
Maharashtra,20,Hingoli,351,4017,"Gajanan Krushi Utpanna Bazar (India) Pvt Ltd, Basmat, Dist Hingoli"
Maharashtra,20,Hingoli,351,565,Hingoli APMC
Maharashtra,20,Hingoli,351,2156,Hingoli(Kanegoan Naka) APMC
Maharashtra,20,Hingoli,351,1915,Jawala-Bajar APMC
Maharashtra,20,Hingoli,351,1657,Kalamnuri APMC
Maharashtra,20,Hingoli,351,4000,"Marathawada Shetkari Khajgi Bazar Parisar, Vasmat, Dist Hingoli"
Maharashtra,20,Hingoli,351,4007,"Sant Namdev Krushi Bazar, Tal Sengaon Dist Hingoli"
Maharashtra,20,Hingoli,351,1914,Sengoan APMC
Maharashtra,20,Hingoli,351,3990,"Vitthal Krushi Utpanna Bazar Pvt Ltd, Washim"
Maharashtra,20,Jalgaon,353,548,APMC CHOPADA
Maharashtra,20,Jalgaon,353,549,APMC PACHORA
Maharashtra,20,Jalgaon,353,2137,APMC PACHORA(BHADGAON)
Maharashtra,20,Jalgaon,353,1296,APMC Yawal
Maharashtra,20,Jalgaon,353,546,Amalner APMC
Maharashtra,20,Jalgaon,353,1290,Bhusaval APMC
Maharashtra,20,Jalgaon,353,1291,Bodwad APMC
Maharashtra,20,Jalgaon,353,2134,Bodwad(Varangaon) APMC
Maharashtra,20,Jalgaon,353,547,Chalisgaon APMC
Maharashtra,20,Jalgaon,353,1292,Dharangaon APMC
Maharashtra,20,Jalgaon,353,3975,"Gopal Krishna Agro Product Pvt Ltd, Tal Jamner, Dist Jalgaon"
Maharashtra,20,Jalgaon,353,3971,Govardhan Farm Produce Market Pvt Ltd Tal Chopda  Dist Jalgaon
Maharashtra,20,Jalgaon,353,3974,"J S K Agro Market Produce Pvt Ltd, Dharangaon, Dist Jalgaon"
Maharashtra,20,Jalgaon,353,151,Jalgaon APMC
Maharashtra,20,Jalgaon,353,2135,Jalgaon(Masawat) APMC
Maharashtra,20,Jalgaon,353,1293,Jamner APMC
Maharashtra,20,Jalgaon,353,2136,Jamner(Neri) APMC
Maharashtra,20,Jalgaon,353,3980,"Laxmi Krushi Utpanna Khjgi Bajar, Dist Jalgaon"
Maharashtra,20,Jalgaon,353,4015,"Mahavir Agri Market, Pachora, Dist Jalgaon"
Maharashtra,20,Jalgaon,353,1294,Parola APMC
Maharashtra,20,Jalgaon,353,1295,Raver APMC
Maharashtra,20,Jalgaon,353,2138,Raver(Savda)APMC
Maharashtra,20,Jalgaon,353,3988,"Sanghavi Agriculture Marketing & Processing Pvt Ltd Tal Pachora, Dist Jalgaon"
Maharashtra,20,Jalgaon,353,3981,"Shantilal Jain Agro Produce Market Pvt Ltd, Bodwad, Dist Jalgaon"
Maharashtra,20,Jalgaon,353,3982,"Vijaya Agri Private Market, Jamner, Dist Jalgaon"
Maharashtra,20,Jalgaon,353,4002,"Yashika Agro Marketing, Tal Bhusawal, Jalgaon"
Maharashtra,20,Kolhapur,354,1302,Gadhinglaj APMC
Maharashtra,20,Kolhapur,354,152,Kolhapur APMC
Maharashtra,20,Kolhapur,354,2143,Kolhapur(Laxmipuri) APMC
Maharashtra,20,Kolhapur,354,2144,Kolhapur(Malkapur) APMC
Maharashtra,20,Kolhapur,354,1304,Vadgaonpeth APMC
Maharashtra,20,Latur,355,153,APMC Latur
Maharashtra,20,Latur,355,1652,Ahmedpur APMC
Maharashtra,20,Latur,355,1949,Aurad Shahajani APMC
Maharashtra,20,Latur,355,1946,Ausa APMC
Maharashtra,20,Latur,355,1948,Chakur APMC
Maharashtra,20,Latur,355,3455,Devani APMC
Maharashtra,20,Latur,355,2705,Jalkot APMC
Maharashtra,20,Latur,355,2167,Latur(Murud) APMC
Maharashtra,20,Latur,355,1947,Nilanga APMC
Maharashtra,20,Latur,355,3999,"Rangrao Patil Krushi Utpanna Khajgi Bazar (Llp), Udgir, Dist Latur"
Maharashtra,20,Latur,355,1950,Renapur APMC
Maharashtra,20,Latur,355,561,Udgir APMC
Maharashtra,20,Mumbai,356,154,Mumbai APMC
Maharashtra,20,Mumbai,356,2128,Mumbai- Fruit Market APMC
Maharashtra,20,Mumbai,356,2127,Mumbai- Thane Market APMC
Maharashtra,20,Mumbai,356,2703,Mumbai-Onion & Potato Market APMC
Maharashtra,20,Mumbai,356,3970,"NCDEX Spot Exchange, Dist Mumbai"
Maharashtra,20,Nagpur,358,1356,Agriculture Produce Market Committee Katol
Maharashtra,20,Nagpur,358,1354,Bhiwapur APMC
Maharashtra,20,Nagpur,358,3452,HINGNA - APMC
Maharashtra,20,Nagpur,358,1355,Kalmeshwar APMC
Maharashtra,20,Nagpur,358,3142,Kamthi APMC
Maharashtra,20,Nagpur,358,3983,"M/S Kalpana Agri Commodities Marketing, Nagpur"
Maharashtra,20,Nagpur,358,1938,Mandhal APMC
Maharashtra,20,Nagpur,358,3461,Mauda APMC (MAIN MARKET )
Maharashtra,20,Nagpur,358,155,Nagpur APMC
Maharashtra,20,Nagpur,358,1357,Narkhed APMC
Maharashtra,20,Nagpur,358,1940,Parshiwani APMC
Maharashtra,20,Nagpur,358,1939,Ramtek APMC
Maharashtra,20,Nagpur,358,582,Savner APMC
Maharashtra,20,Nagpur,358,156,Umared APMC
Maharashtra,20,Nanded,359,562,Bhokar APMC
Maharashtra,20,Nanded,359,563,Deglur APMC
Maharashtra,20,Nanded,359,2050,Deglur(Hanegaon) APMC
Maharashtra,20,Nanded,359,1206,Dharmabad APMC
Maharashtra,20,Nanded,359,1368,Hadgaon APMC
Maharashtra,20,Nanded,359,2168,Hadgaon(Tamsa) APMC
Maharashtra,20,Nanded,359,1955,Himayatnagar APMC
Maharashtra,20,Nanded,359,1369,Kandhar APMC
Maharashtra,20,Nanded,359,1951,Kinwat APMC
Maharashtra,20,Nanded,359,1370,Loha APMC
Maharashtra,20,Nanded,359,1956,Mahur APMC
Maharashtra,20,Nanded,359,1952,Mudkhed APMC
Maharashtra,20,Nanded,359,1953,Mukhed APMC
Maharashtra,20,Nanded,359,3137,Mukhed(Mukkambad) APMC
Maharashtra,20,Nanded,359,1371,Naigaon APMC
Maharashtra,20,Nanded,359,1957,Naigaon(Kuntur) APMC
Maharashtra,20,Nanded,359,564,Nanded APMC
Maharashtra,20,Nanded,359,4031,"Navratna Krushi Utpanna Khajgi Bazar Llp, Tal Degloor, Dist Nanded"
Maharashtra,20,Nanded,359,3991,"Shetkari Khajgi Bajar Parisar, Tal Bhokar, Dist Nanded"
Maharashtra,20,Nanded,359,1954,Umari APMC
Maharashtra,20,Nandurbar,360,157,APMC Nandurbar
Maharashtra,20,Nandurbar,360,1898,Akkalkuwa APMC
Maharashtra,20,Nandurbar,360,2041,Dhadgaon APMC
Maharashtra,20,Nandurbar,360,1896,Navapur APMC
Maharashtra,20,Nandurbar,360,1301,Shahada APMC
Maharashtra,20,Nandurbar,360,1897,Taloda APMC
Maharashtra,20,Nashik,361,550,AGRICULTURE PRODUCE MARKET COMITEE CHANDWAD
Maharashtra,20,Nashik,361,4014,"Baphana Agro Market Inc, Niphad, Nashik"
Maharashtra,20,Nashik,361,1895,Devala APMC
Maharashtra,20,Nashik,361,1300,Dindori APMC
Maharashtra,20,Nashik,361,2141,Dindori(Vani) APMC
Maharashtra,20,Nashik,361,1653,Ghoti APMC
Maharashtra,20,Nashik,361,1298,Kalvan APMC
Maharashtra,20,Nashik,361,161,Lasalgaon APMC
Maharashtra,20,Nashik,361,2139,Lasalgaon(Niphad) APMC
Maharashtra,20,Nashik,361,3448,Lasalgaon(Vinchur) APMC
Maharashtra,20,Nashik,361,158,Malegaon APMC
Maharashtra,20,Nashik,361,4037,"Malharshree Khajgi Krushi Utpann Bajar, Chandanpuri Tal Malegaon, Nashik"
Maharashtra,20,Nashik,361,4036,"Mankameshwr Fpc Sanchalit Mankameshwar Khajagi Krushi Utpanna Bajar Ltd, Nifad Nashik"
Maharashtra,20,Nashik,361,551,Manmad APMC
Maharashtra,20,Nashik,361,3462,Nampur APMC
Maharashtra,20,Nashik,361,1299,Nandgaon APMC
Maharashtra,20,Nashik,361,2140,Nashik(Devlali) APMC
Maharashtra,20,Nashik,361,160,Nasik APMC
Maharashtra,20,Nashik,361,3993,"Perfect Krishi Market Yard Pvt Ltd, Dist Nashik"
Maharashtra,20,Nashik,361,162,Pimpalgaon Baswant APMC
Maharashtra,20,Nashik,361,2142,Pimpalgaon Baswant(Saykheda) APMC
Maharashtra,20,Nashik,361,4035,"Premium Krushi Utpanna Bazar, Nashik"
Maharashtra,20,Nashik,361,1633,Satana APMC
Maharashtra,20,Nashik,361,4038,Shivsiddha Govind Producer Company Ltd Sanchalit Khajgi Krushi Utpann Bajar Samati-Abhona-Kalwan
Maharashtra,20,Nashik,361,4033,"Shri Rameshwar Krushi Market, M.Nagar, Tal Deola, Dist Nashik"
Maharashtra,20,Nashik,361,1644,Sinner APMC
Maharashtra,20,Nashik,361,2040,Suragana APMC
Maharashtra,20,Nashik,361,3458,Umrane APMC
Maharashtra,20,Nashik,361,159,Yeola APMC
Maharashtra,20,Parbhani,363,3463,Bori APMC
Maharashtra,20,Parbhani,363,1324,Gangakhed APMC
Maharashtra,20,Parbhani,363,4023,"Hari Har Khajagi Bazar Parisar, Gangakhed, Dist Parbhani"
Maharashtra,20,Parbhani,363,566,Jintur APMC
Maharashtra,20,Parbhani,363,1325,Manwat APMC
Maharashtra,20,Parbhani,363,1911,Palam APMC
Maharashtra,20,Parbhani,363,567,Parbhani APMC
Maharashtra,20,Parbhani,363,1909,Pathari APMC
Maharashtra,20,Parbhani,363,1908,Purna APMC
Maharashtra,20,Parbhani,363,1326,Sailu APMC
Maharashtra,20,Parbhani,363,4006,"Samartha Krushi Bajar Pvt Ltd, Dist Parbhani"
Maharashtra,20,Parbhani,363,4019,"Shree Salasar Krushi Bazar, Dist Parbhani"
Maharashtra,20,Parbhani,363,2047,Sonpeth APMC
Maharashtra,20,Parbhani,363,1910,Tadkalas APMC
Maharashtra,20,Pune,364,1900,APMC Talegaon Dabhade Tal Mawal Dist Pune
Maharashtra,20,Pune,364,552,Baramati APMC
Maharashtra,20,Pune,364,1899,Bhor APMC
Maharashtra,20,Pune,364,1305,Dound APMC
Maharashtra,20,Pune,364,1118,Indapur APMC
Maharashtra,20,Pune,364,2145,Indapur(Bhigwan) APMC
Maharashtra,20,Pune,364,3134,Indapur(Nimgaon Ketki) APMC
Maharashtra,20,Pune,364,1306,Junnar APMC
Maharashtra,20,Pune,364,3128,Junnar(Alephata) APMC
Maharashtra,20,Pune,364,3129,Junnar(Bhlhe) APMC
Maharashtra,20,Pune,364,3130,Junnar(Narayangaon) APMC
Maharashtra,20,Pune,364,2146,Junnar(Otur) APMC
Maharashtra,20,Pune,364,165,Khed APMC
Maharashtra,20,Pune,364,2147,Khed(Chakan) APMC
Maharashtra,20,Pune,364,553,Manchar APMC
Maharashtra,20,Pune,364,1307,Nira APMC
Maharashtra,20,Pune,364,2706,Nira(Saswad) APMC
Maharashtra,20,Pune,364,164,Pune APMC
Maharashtra,20,Pune,364,2149,Pune(Khadiki) APMC
Maharashtra,20,Pune,364,3449,Pune(Manjri) APMC
Maharashtra,20,Pune,364,3450,Pune(Moshi) APMC
Maharashtra,20,Pune,364,2148,Pune(Pimpri) APMC
Maharashtra,20,Pune,364,1654,Shirur APMC
Maharashtra,20,Raigad,365,1276,Alibagh APMC
Maharashtra,20,Raigad,365,1277,Karjat(Raigad) APMC
Maharashtra,20,Raigad,365,1884,Khalapur (Shil-Phata) APMC
Maharashtra,20,Raigad,365,1885,Mahad APMC
Maharashtra,20,Raigad,365,1886,Mangaon APMC
Maharashtra,20,Raigad,365,1887,Murud APMC
Maharashtra,20,Raigad,365,1631,Panvel APMC
Maharashtra,20,Raigad,365,1888,Pen APMC
Maharashtra,20,Raigad,365,1278,Roha APMC
Maharashtra,20,Ratnagiri,366,1651,Ratnagiri (Nachane) APMC
Maharashtra,20,Sangli,367,1901,Aatpadi APMC
Maharashtra,20,Sangli,367,1308,Islampur APMC
Maharashtra,20,Sangli,367,1903,Palus APMC
Maharashtra,20,Sangli,367,166,Sangli APMC
Maharashtra,20,Sangli,367,2710,Sangli(Miraj) APMC
Maharashtra,20,Sangli,367,2150,"Sangli(Phale, Bhajipala Market) APMC"
Maharashtra,20,Sangli,367,3454,Shirala APMC
Maharashtra,20,Sangli,367,1640,Tasgaon APMC
Maharashtra,20,Sangli,367,1902,Vita APMC
Maharashtra,20,Satara,368,1309,Dahivadi APMC
Maharashtra,20,Satara,368,1904,Jawali APMC
Maharashtra,20,Satara,368,1310,Karad APMC
Maharashtra,20,Satara,368,1311,Koregaon APMC
Maharashtra,20,Satara,368,554,Lonand APMC
Maharashtra,20,Satara,368,1658,Patan APMC
Maharashtra,20,Satara,368,1312,Phaltan APMC
Maharashtra,20,Satara,368,1313,Satara APMC
Maharashtra,20,Satara,368,1314,Vaduj APMC
Maharashtra,20,Satara,368,1315,Vai APMC
Maharashtra,20,Sindhudurg,370,1892,Sindhudurg APMC
Maharashtra,20,Wardha,373,3139,APMC SINDI BRANCH SELOO
Maharashtra,20,Wardha,373,3984,"Arihant Krishi Utpan Bazar Pvt Ltd, Wardha"
Maharashtra,20,Wardha,373,1358,Arvi APMC
Maharashtra,20,Wardha,373,1941,Ashti APMC
Maharashtra,20,Wardha,373,2166,Ashti(Karanja) APMC
Maharashtra,20,Wardha,373,170,Hinganghat APMC
Maharashtra,20,Wardha,373,3998,"Hinganghat Infrastructure Pvt Ltd, Hinganghat, Dist Wardha"
Maharashtra,20,Wardha,373,1359,Pulgaon APMC
Maharashtra,20,Wardha,373,3994,"Sai Agro Infratrade Pvt Agri Market, Dist Wardha"
Maharashtra,20,Wardha,373,1942,Samudrapur APMC
Maharashtra,20,Wardha,373,1360,Sindi APMC
Maharashtra,20,Wardha,373,1635,Wardha APMC
Maharashtra,20,Yavatmal,374,2048,Aarni APMC
Maharashtra,20,Yavatmal,374,1925,Agriculture Produce Market Committee Bori Arab
Maharashtra,20,Yavatmal,374,1929,Babhulgaon APMC
Maharashtra,20,Yavatmal,374,3986,"Balaji Krushi Market, Tal Zari Zamni, Dist Yeotmal"
Maharashtra,20,Yavatmal,374,4027,"Cottoncity Agro Foods Pvt Ltd, Dist Yavatmal"
Maharashtra,20,Yavatmal,374,1337,Darwha APMC
Maharashtra,20,Yavatmal,374,575,Digras APMC
Maharashtra,20,Yavatmal,374,1338,Ghatanji APMC
Maharashtra,20,Yavatmal,374,3987,"Jagdamba Agrocare Pvt Ltd, Pandharkawada, Dist Yeotmal"
Maharashtra,20,Yavatmal,374,3979,KISAN MARKET YARD
Maharashtra,20,Yavatmal,374,1931,Kalamb APMC
Maharashtra,20,Yavatmal,374,1339,Mahagaon APMC
Maharashtra,20,Yavatmal,374,3985,"Mahavir Agriculture Produce Market Company Pvt Ltd, Talegaon, Yeotmal"
Maharashtra,20,Yavatmal,374,3978,"Mahavira Agricare Pvt Ltd, Lalguda, Wani, Dist Yevatmal"
Maharashtra,20,Yavatmal,374,4018,"Mahesh Krushi Utpanna Bazar, Digras, Dist Yeotmal"
Maharashtra,20,Yavatmal,374,1926,Maregoan APMC
Maharashtra,20,Yavatmal,374,1927,Ner Parasopant APMC
Maharashtra,20,Yavatmal,374,1340,Pandhakawada APMC
Maharashtra,20,Yavatmal,374,1341,Pusad APMC
Maharashtra,20,Yavatmal,374,1928,Ralegaon APMC
Maharashtra,20,Yavatmal,374,3995,"Ramdev Krushi Bazaar, Digras road, Manora, Dist Washim"
Maharashtra,20,Yavatmal,374,4021,"Renukadevi Private Market Yard, Dist Yavatmal"
Maharashtra,20,Yavatmal,374,3997,"Shekari Krushi Khajgi Bazar, Arni, Dist Yavatmal"
Maharashtra,20,Yavatmal,374,2161,Umarked(Danki) APMC
Maharashtra,20,Yavatmal,374,1342,Umarkhed APMC
Maharashtra,20,Yavatmal,374,576,Vani APMC
Maharashtra,20,Yavatmal,374,577,Yavatmal APMC
Maharashtra,20,Yavatmal,374,1930,ZariZamini APMC
Manipur,21,Bishnupur,375,584,Bishenpur APMC
Manipur,21,Imphal East,378,171,Lamlong Bazaar APMC
Manipur,21,Imphal West,379,583,Imphal APMC
Manipur,21,Kakching,380,4398,Kakching Market APMC
Manipur,21,Thoubal,384,1119,Thoubal APMC
Meghalaya,22,East Garo Hills,386,1871,Williamnagar APMC
Meghalaya,22,East Jaintia Hills,387,3157,Khliehriat APMC
Meghalaya,22,East Khasi Hills,388,144,Mawiong Regulated Market APMC
Meghalaya,22,East Khasi Hills,388,1872,Shillong APMC
Meghalaya,22,East Khasi Hills,388,3154,Sohra APMC
Meghalaya,22,Nongpoh (R-Bhoi),389,812,Nongpoh (R-Bhoi) APMC
Meghalaya,22,South Garo Hills,391,544,Baghmara APMC
Meghalaya,22,South Garo Hills,391,3160,Gasuapara APMC
Meghalaya,22,South West Garo Hills,392,3162,Ampati APMC
Meghalaya,22,South West Garo Hills,392,1869,Garobadha APMC
Meghalaya,22,South West Khasi Hills,393,1873,Mawkyrwat APMC
Meghalaya,22,West Garo Hills,394,1115,Dadengiri APMC
Meghalaya,22,West Garo Hills,394,3161,Rongram APMC
Meghalaya,22,West Garo Hills,394,1116,Tura APMC
Meghalaya,22,West Jaintia Hills,395,3156,Amlarem APMC
Meghalaya,22,West Jaintia Hills,395,3155,Dawki APMC
Meghalaya,22,West Jaintia Hills,395,543,Jowai APMC
Meghalaya,22,West Jaintia Hills,395,3158,Laskein APMC
Meghalaya,22,West Jaintia Hills,395,3159,Wahiajer APMC
Meghalaya,22,West Khasi Hills,396,1870,Nongstoin APMC
Mizoram,23,Aizawl,397,191,Aizwal New Market
Mizoram,23,Aizawl,397,587,Champai APMC
Mizoram,23,Lungli,399,192,Lunglei Bara Bazar
NCT of Delhi,25,Delhi,414,3445,APMC Azadpur
NCT of Delhi,25,Delhi,414,423,APMC Keshopur
NCT of Delhi,25,Delhi,414,48,APMC Najafgarh
NCT of Delhi,25,Delhi,414,47,APMC Narela
NCT of Delhi,25,Delhi,414,424,APMC Shahdara
NCT of Delhi,25,Delhi,414,1629,"Fish,Poultry & Egg Market, Gazipur APMC"
NCT of Delhi,25,Delhi,414,1627,"Flower Market,Gazipur APMC"
NCT of Delhi,25,Delhi,414,4707,"Fruit&Vegetable Market,Gazipur APMC"
Nagaland,24,Dimapur,402,1694,Dimapur APMC
Nagaland,24,Dimapur,402,3290,Nuiland APMC
Nagaland,24,Kiphire,403,3295,Kipheri APMC
Nagaland,24,Kohima,404,195,Jalukie APMC
Nagaland,24,Kohima,404,194,Khuzama APMC
Nagaland,24,Kohima,404,1699,Kohima APMC
Nagaland,24,Longleng,405,3294,Longleng APMC
Nagaland,24,Mokokchung,406,3669,Mangkolemba APMC
Nagaland,24,Mokokchung,406,589,Mokokchung Town APMC
Nagaland,24,Mokokchung,406,3291,Tuli APMC
Nagaland,24,Mon,407,4397,Mon APMC
Nagaland,24,Mon,407,590,Naginimora APMC
Nagaland,24,Peren,408,3296,Tenning APMC
Nagaland,24,Phek,409,196,Pfatsero APMC
Nagaland,24,Phek,409,1697,Phek APMC
Nagaland,24,Tsemenyu,410,3292,Tsemenyu APMC
Nagaland,24,Tuensang,411,1698,Tuensang APMC
Nagaland,24,Wokha,412,3293,Baghty APMC
Nagaland,24,Wokha,412,588,Wokha Town APMC
Nagaland,24,Zunheboto,413,3289,Ghathashi APMC
Nagaland,24,Zunheboto,413,1696,Zunheboto APMC
Odisha,26,Malkangiri,437,209,Malkanagiri APMC
Odisha,26,Malkangiri,437,2723,Malkangiri(Korakunda) APMC
Odisha,26,Angul,415,3090,Angaura APMC
Odisha,26,Angul,415,197,Angul APMC
Odisha,26,Angul,415,2712,Angul(Atthamallick) APMC
Odisha,26,Angul,415,2711,Angul(Jarapada) APMC
Odisha,26,Angul,415,3307,Pallahara APMC
Odisha,26,Angul,415,1515,Talcher APMC
Odisha,26,Balasore,416,4677,Balasore APMC
Odisha,26,Balasore,416,1122,Bampada APMC
Odisha,26,Balasore,416,3085,Barikpur APMC
Odisha,26,Balasore,416,1513,Jaleswar APMC
Odisha,26,Balasore,416,3306,Nilagiri APMC
Odisha,26,Bargarh,417,198,Attabira APMC
Odisha,26,Bargarh,417,199,Bargarh APMC
Odisha,26,Bargarh,417,2714,Bargarh(Barapalli) APMC
Odisha,26,Bargarh,417,3086,Godbhaga APMC
Odisha,26,Bargarh,417,593,Padampur APMC
Odisha,26,Bargarh,417,3093,Sohela APMC
Odisha,26,Bhadrak,419,200,Bhadrak APMC
Odisha,26,Bhadrak,419,1526,Chandabali APMC
Odisha,26,Bhadrak,419,3087,Sahidngar APMC
Odisha,26,Bolangir,421,595,Bolangir APMC
Odisha,26,Bolangir,421,2719,Bolangir(Patnagarh) APMC
Odisha,26,Bolangir,421,202,Kantabaji APMC
Odisha,26,Bolangir,421,3080,Tusura APMC
Odisha,26,Boudh,422,1507,Boudh APMC
Odisha,26,Boudh,422,3082,Khunthabandha APMC
Odisha,26,Cuttack,423,3305,Athagarh APMC
Odisha,26,Cuttack,423,1517,Banki APMC
Odisha,26,Cuttack,423,1502,Kendupatna APMC
Odisha,26,Cuttack,423,2722,Kendupatna(Niali) APMC
Odisha,26,Cuttack,423,4767,Rairangpur APMC
Odisha,26,Deogarh,424,1518,Deogarh APMC
Odisha,26,Deogarh,424,3094,Tileibani APMC
Odisha,26,Dhenkanal,425,1514,Dhenkanal APMC
Odisha,26,Dhenkanal,425,3308,Hindol APMC
Odisha,26,Dhenkanal,425,1516,Kamakhyanagar APMC
Odisha,26,Dhenkanal,425,3088,Mottagaon APMC
Odisha,26,Gajapati,426,3081,Kasinagar APMC
Odisha,26,Gajapati,426,1505,Parlakhemundi APMC
Odisha,26,Ganjam,427,1506,Bhanjanagar APMC
Odisha,26,Ganjam,427,1607,Digapahandi APMC
Odisha,26,Ganjam,427,1527,Hinjilicut APMC
Odisha,26,Jagatsinghpur,428,1503,Jagatsinghpur APMC
Odisha,26,Jagatsinghpur,428,3304,Rahama APMC
Odisha,26,Jajpur,429,204,Jajpur APMC
Odisha,26,Jajpur,429,3091,Jhumpura APMC
Odisha,26,Jharsuguda,430,1204,Jharsuguda APMC
Odisha,26,Kalahandi,431,207,Bhawanipatna APMC
Odisha,26,Kalahandi,431,205,Junagarh APMC
Odisha,26,Kalahandi,431,2718,Kalahandi(Dharamagarh) APMC
Odisha,26,Kalahandi,431,206,Kesinga APMC
Odisha,26,Kalahandi,431,1528,Mukhiguda APMC
Odisha,26,Kandhamal,432,1524,Kandhamal APMC
Odisha,26,Kandhamal,432,208,Tikabali APMC
Odisha,26,Kendrapara,433,3302,Chatta Krushak Bazar APMC
Odisha,26,Kendrapara,433,3300,Gopa APMC
Odisha,26,Kendrapara,433,203,Kendrapara APMC
Odisha,26,Kendrapara,433,2720,Kendrapara(Marshaghai) APMC
Odisha,26,Kendrapara,433,3301,Pattamundai APMC
Odisha,26,Keonjhar,434,1522,Anandapur APMC
Odisha,26,Keonjhar,434,1521,Champua APMC
Odisha,26,Keonjhar,434,2715,Champua(Jhumpura) APMC
Odisha,26,Keonjhar,434,1520,Keonjhar APMC
Odisha,26,Keonjhar,434,2721,Keonjhar(Dhekikote) APMC
Odisha,26,Keonjhar,434,3092,Saharpada APMC
Odisha,26,Khurda,435,3309,Aiginia Mandi APMC
Odisha,26,Khurda,435,1523,Balugaon APMC
Odisha,26,Khurda,435,3303,Damana Hat APMC
Odisha,26,Khurda,435,1123,Jatni APMC
Odisha,26,Koraput,436,211,Jeypore APMC
Odisha,26,Koraput,436,2717,Jeypore(Kotpad) APMC
Odisha,26,Koraput,436,591,Koraput APMC
Odisha,26,Koraput,436,1688,Koraput(Semilguda) APMC
Odisha,26,Mayurbhanja,438,592,Baripada APMC
Odisha,26,Mayurbhanja,438,1519,Betnoti APMC
Odisha,26,Mayurbhanja,438,3299,Chuliaposi APMC
Odisha,26,Mayurbhanja,438,1512,Karanjia APMC
Odisha,26,Mayurbhanja,438,4747,Narasinghpur APMC
Odisha,26,Mayurbhanja,438,3084,Saraskana APMC
Odisha,26,Mayurbhanja,438,1511,Udala APMC
Odisha,26,Nayagarh,439,1124,Bahadajholla APMC
Odisha,26,Nayagarh,439,3089,Sarankul APMC
Odisha,26,Nowarangpur,440,2724,Nabarangpur(Umerkote) APMC
Odisha,26,Nowarangpur,440,212,Nawarangpur APMC
Odisha,26,Nuapada,441,3297,Khariar APMC
Odisha,26,Nuapada,441,594,Khariar Road APMC
Odisha,26,Puri,442,3097,Dumal APMC
Odisha,26,Puri,442,3096,Gabadkunda APMC
Odisha,26,Puri,442,1504,Nimapara APMC
Odisha,26,Puri,442,2725,Puri(Brahmagiri) APMC
Odisha,26,Puri,442,213,Sakhigopal APMC
Odisha,26,Rayagada,443,210,Gunpur APMC
Odisha,26,Rayagada,443,214,Rayagada APMC
Odisha,26,Rayagada,443,2716,Rayagada(Muniguda) APMC
Odisha,26,Sambalpur,445,3083,Gosala APMC
Odisha,26,Sambalpur,445,1509,Kuchinda APMC
Odisha,26,Sambalpur,445,1508,Rairakhol APMC
Odisha,26,Sambalpur,445,3298,Sahaspur APMC
Odisha,26,Sambalpur,445,596,Sambalpur APMC
Odisha,26,Sonepur,446,1525,Birmaharajpur APMC
Odisha,26,Sonepur,446,201,Dungurapalli APMC
Odisha,26,Sonepur,446,3095,Pandkital APMC
Odisha,26,Sundergarh,447,2713,Bonai APMC
Odisha,26,Sundergarh,447,1125,Panposh APMC
Odisha,26,Sundergarh,447,1510,Sargipali APMC
Pondicherry,27,Karaikal,448,3359,Karaikal APMC
Pondicherry,27,Pondicherry,450,1126,Madagadipet APMC
Pondicherry,27,Pondicherry,450,242,Thattanchavady APMC
Punjab,28,Amritsar,452,3416,Ajnala (Sudhar) APMC
Punjab,28,Amritsar,452,597,Ajnala APMC
Punjab,28,Amritsar,452,215,Amritsar APMC
Punjab,28,Amritsar,452,2498,Amritsar(Amritsar Mewa Mandi) APMC
Punjab,28,Amritsar,452,2700,Amritsar(Chehreta) APMC
Punjab,28,Amritsar,452,1561,Attari APMC
Punjab,28,Amritsar,452,1563,Chogawan APMC
Punjab,28,Amritsar,452,1420,Gehri APMC
Punjab,28,Amritsar,452,2499,Gehri(Jandiala mandi) APMC
Punjab,28,Amritsar,452,1566,Majitha APMC
Punjab,28,Amritsar,452,1567,Mehta APMC
Punjab,28,Amritsar,452,1606,Rayya APMC
Punjab,28,Amritsar,452,2497,Rayya(Sathiala) APMC
Punjab,28,Barnala,453,236,Barnala APMC
Punjab,28,Barnala,453,1590,Bhadaur APMC
Punjab,28,Barnala,453,3021,Bhadaur(Sehna) APMC
Punjab,28,Barnala,453,1592,Dhanaula APMC
Punjab,28,Barnala,453,3427,Dhanula (Kaleke) APMC
Punjab,28,Barnala,453,1594,Mehal Kalan APMC
Punjab,28,Barnala,453,3431,Mehal Kallan (ChananWal) APMC
Punjab,28,Barnala,453,2486,Tapa(Tapa Mandi) APMC
Punjab,28,Bhatinda,454,603,Bathinda APMC
Punjab,28,Bhatinda,454,3421,Bhagta Bhai Ka (Jalal) APMC
Punjab,28,Bhatinda,454,1569,Bhagta Bhai Ka APMC
Punjab,28,Bhatinda,454,2507,Bhagta Bhai Ka(Kotha Guru Ka) APMC
Punjab,28,Bhatinda,454,1421,Bhucho APMC
Punjab,28,Bhatinda,454,1127,Goniana APMC
Punjab,28,Bhatinda,454,3022,Goniana(Mehma Sarja) APMC
Punjab,28,Bhatinda,454,1422,Maur APMC
Punjab,28,Bhatinda,454,605,Raman APMC
Punjab,28,Bhatinda,454,604,Rampura Phul APMC
Punjab,28,Bhatinda,454,3024,Rampuraphul(Bhai Rupan) APMC
Punjab,28,Bhatinda,454,3027,Rampuraphul(Chowke) APMC
Punjab,28,Bhatinda,454,3025,Rampuraphul(Dhapali) APMC
Punjab,28,Bhatinda,454,3026,Rampuraphul(Mehraj) APMC
Punjab,28,Bhatinda,454,2505,Rampuraphul(Nabha Mandi) APMC
Punjab,28,Bhatinda,454,1423,Sangat APMC
Punjab,28,Bhatinda,454,1570,Talwandi Sabo APMC
Punjab,28,Bhatinda,454,3028,Talwandi Sabo(Kot Fatta) APMC
Punjab,28,Bhatinda,454,3029,Talwandi Sabo(Shekhupura) APMC
Punjab,28,Faridkot,455,3429,Faridkot (Machakikalan) APMC
Punjab,28,Faridkot,455,606,Faridkot APMC
Punjab,28,Faridkot,455,1424,Jaitu APMC
Punjab,28,Faridkot,455,2506,Jaitu(Bajakhana) APMC
Punjab,28,Faridkot,455,217,Kotkapura APMC
Punjab,28,Faridkot,455,1425,Sadiq APMC
Punjab,28,Fatehgarh,456,607,Amloh APMC
Punjab,28,Fatehgarh,456,2494,Amloh(Gobind Garh Mandi) APMC
Punjab,28,Fatehgarh,456,1464,Bassi Pathana APMC
Punjab,28,Fatehgarh,456,1465,Chanarthal APMC
Punjab,28,Fatehgarh,456,3411,Khamano (Sanghol) APMC
Punjab,28,Fatehgarh,456,1466,Khamano APMC
Punjab,28,Fatehgarh,456,1128,Sirhind APMC
Punjab,28,Fazilka,457,221,Abohar APMC
Punjab,28,Fazilka,457,2503,Fazilka (Ladhuka) APMC
Punjab,28,Fazilka,457,218,Fazilka APMC
Punjab,28,Fazilka,457,219,Jalalabad APMC
Punjab,28,Ferozpur,458,3031,Ferozepur Cantt(Jhok Harihar) APMC
Punjab,28,Ferozpur,458,3441,"Ferozepur Cantt, (Sadehasham) APMC"
Punjab,28,Ferozpur,458,220,Ferozepur Cantt. APMC
Punjab,28,Ferozpur,458,608,Firozepur City APMC
Punjab,28,Ferozpur,458,224,Guru Har Sahai APMC
Punjab,28,Ferozpur,458,1426,Makhu APMC
Punjab,28,Ferozpur,458,3434,Mallanwala (KhosaDalSinghwala) APMC
Punjab,28,Ferozpur,458,1572,Mallanwala APMC
Punjab,28,Ferozpur,458,1573,Mamdot APMC
Punjab,28,Ferozpur,458,3032,Mamdot(Tibbi Khurd) APMC
Punjab,28,Ferozpur,458,609,Talwandi Bhai APMC
Punjab,28,Ferozpur,458,3030,Talwandi Bhai(Mudki) APMC
Punjab,28,Ferozpur,458,1427,Zira APMC
Punjab,28,Gurdaspur,459,222,Batala APMC
Punjab,28,Gurdaspur,459,1574,Dera Baba Nanak APMC
Punjab,28,Gurdaspur,459,1430,Dhariwal APMC
Punjab,28,Gurdaspur,459,1428,Dinanagar APMC
Punjab,28,Gurdaspur,459,1575,F.G.Churian APMC
Punjab,28,Gurdaspur,459,600,Gurdaspur APMC
Punjab,28,Gurdaspur,459,1576,Kahnuwan APMC
Punjab,28,Gurdaspur,459,1577,Kalanaur APMC
Punjab,28,Gurdaspur,459,1429,Quadian APMC
Punjab,28,Gurdaspur,459,1431,Sri Har Gobindpur APMC
Punjab,28,Gurdaspur,459,2495,Sri Har Gobindpur(Harechowal) APMC
Punjab,28,Hoshiarpur,460,1432,Dasuya APMC
Punjab,28,Hoshiarpur,460,1433,Garh Shankar APMC
Punjab,28,Hoshiarpur,460,2701,Garh Shankar(Mahalpur) APMC
Punjab,28,Hoshiarpur,460,3440,GarhShankar (Kotfatuhi) APMC
Punjab,28,Hoshiarpur,460,2508,Garhshankar(Saila Khurd) APMC
Punjab,28,Hoshiarpur,460,610,Hoshiarpur APMC
Punjab,28,Hoshiarpur,460,2509,Hoshiarpur(Chara Mandi) APMC
Punjab,28,Hoshiarpur,460,2702,Hoshiarpur(Sham Churasi) APMC
Punjab,28,Hoshiarpur,460,611,Mukerian APMC
Punjab,28,Hoshiarpur,460,2510,Mukerian(Talwara) APMC
Punjab,28,Hoshiarpur,460,1434,Tanda Urmur APMC
Punjab,28,Jalandhar,461,1435,Adampur APMC
Punjab,28,Jalandhar,461,1436,Bhogpur APMC
Punjab,28,Jalandhar,461,3409,Bilga (Talwan ) APMC
Punjab,28,Jalandhar,461,1579,Bilga APMC
Punjab,28,Jalandhar,461,1437,Goraya APMC
Punjab,28,Jalandhar,461,2695,Jalandhar Cantt (Jamshedpur Dana Mandi) APMC
Punjab,28,Jalandhar,461,1580,Jalandhar Cantt. APMC
Punjab,28,Jalandhar,461,601,Jalandhar City APMC
Punjab,28,Jalandhar,461,2488,Jalandhar City(Faintan Ganj) APMC
Punjab,28,Jalandhar,461,2487,Jalandhar City(Jalandhar) APMC
Punjab,28,Jalandhar,461,2694,Jalandhar City(Kartar Pur Dana mandi) APMC
Punjab,28,Jalandhar,461,1438,Lohian Khas APMC
Punjab,28,Jalandhar,461,3033,Mehatpur APMC
Punjab,28,Jalandhar,461,622,Nakodar APMC
Punjab,28,Jalandhar,461,3034,Nakodar(Sarih) APMC
Punjab,28,Jalandhar,461,1581,Noor Mehal APMC
Punjab,28,Jalandhar,461,3035,Noor Mehal(Kot Badal Khan) APMC
Punjab,28,Jalandhar,461,602,Phillaur APMC
Punjab,28,Jalandhar,461,2696,Phillaur(Apra Mandi) APMC
Punjab,28,Jalandhar,461,1129,Shahkot APMC
Punjab,28,Jalandhar,461,3418,Shakot (Malsian) APMC
Punjab,28,Kapurthala,462,3415,Bhulath (Ibrahimaaaaval) APMC
Punjab,28,Kapurthala,462,3408,Bhulath (Nadala) APMC
Punjab,28,Kapurthala,462,1439,Bhulath APMC
Punjab,28,Kapurthala,462,1440,Dhilwan APMC
Punjab,28,Kapurthala,462,225,Kapurthala APMC
Punjab,28,Kapurthala,462,614,Phagwara APMC
Punjab,28,Kapurthala,462,223,Sultanpur APMC
Punjab,28,Kapurthala,462,3407,Sultanpur Lodhi (Tibba) APMC
Punjab,28,Ludhiana,463,1441,Doraha APMC
Punjab,28,Ludhiana,463,1442,Hathur APMC
Punjab,28,Ludhiana,463,227,Jagraon APMC
Punjab,28,Ludhiana,463,226,Khanna APMC
Punjab,28,Ludhiana,463,1582,Kila Raipur APMC
Punjab,28,Ludhiana,463,3414,Killa Raipur (Jodhan) APMC
Punjab,28,Ludhiana,463,1443,Ludhiana APMC
Punjab,28,Ludhiana,463,2501,Ludhiana(Mandi gill Road) APMC
Punjab,28,Ludhiana,463,2502,Ludhiana(Salem Tabri) APMC
Punjab,28,Ludhiana,463,1444,Machhiwara APMC
Punjab,28,Ludhiana,463,3420,Malaoud (Siar) APMC
Punjab,28,Ludhiana,463,1445,Maloud APMC
Punjab,28,Ludhiana,463,3691,Mansura APMC
Punjab,28,Ludhiana,463,1583,Mullanpur APMC
Punjab,28,Ludhiana,463,3406,Mullanpur Dakha (Sawadi) APMC
Punjab,28,Ludhiana,463,3688,Nurpurbet APMC
Punjab,28,Ludhiana,463,3693,Purain APMC
Punjab,28,Ludhiana,463,3433,Raikot (Nathowal) APMC
Punjab,28,Ludhiana,463,3425,Raikot (Talwandi rai) APMC
Punjab,28,Ludhiana,463,612,Raikot APMC
Punjab,28,Ludhiana,463,1446,Sahnewal APMC
Punjab,28,Ludhiana,463,613,Samrala APMC
Punjab,28,Ludhiana,463,3419,Sidhwan Bet (Lodhiwala) APMC
Punjab,28,Ludhiana,463,1584,Sidhwan Bet APMC
Punjab,28,Ludhiana,463,3689,kum Kalan APMC
Punjab,28,Ludhiana,463,3690,lakhowal APMC
Punjab,28,Mansa,464,3550,Ahemadpur APMC
Punjab,28,Mansa,464,616,Bareta APMC
Punjab,28,Mansa,464,1447,Bhikhi APMC
Punjab,28,Mansa,464,2504,Boha APMC
Punjab,28,Mansa,464,615,Budalada APMC
Punjab,28,Mansa,464,3438,Budhlada (Phaphre Bhaike) APMC
Punjab,28,Mansa,464,3549,Kankwal Chahlan APMC
Punjab,28,Mansa,464,3443,Mansa (Bhamekalan) APMC
Punjab,28,Mansa,464,3442,Mansa (Khiala kalan) APMC
Punjab,28,Mansa,464,1130,Mansa APMC
Punjab,28,Mansa,464,3023,Mansa(Ubha Buraj Dhilwan) APMC
Punjab,28,Mansa,464,1131,Sardulgarh APMC
Punjab,28,Moga,465,3430,Ajitwal (Chogawan) APMC
Punjab,28,Moga,465,3436,Ajitwal (Dala) APMC
Punjab,28,Moga,465,1451,Ajitwal APMC
Punjab,28,Moga,465,1450,Badhni Kalan APMC
Punjab,28,Moga,465,3432,Badhni Kallan (Bilaspur) APMC
Punjab,28,Moga,465,228,Baghapurana APMC
Punjab,28,Moga,465,1448,Dharamkot APMC
Punjab,28,Moga,465,3368,Fatehgarh Panjtoor APMC
Punjab,28,Moga,465,1571,Kot ise Khan APMC
Punjab,28,Moga,465,229,Moga APMC
Punjab,28,Moga,465,3426,Nihal Singh Wala (Himmatpura) APMC
Punjab,28,Moga,465,3410,Nihal Singh Wala (Rautan) APMC
Punjab,28,Moga,465,1449,Nihal Singh Wala APMC
Punjab,28,Mohali,466,3435,Banur (Kheragaju) APMC
Punjab,28,Mohali,466,1585,Banur APMC
Punjab,28,Mohali,466,1587,Dera Bassi APMC
Punjab,28,Mohali,466,1458,Kharar APMC
Punjab,28,Mohali,466,1459,Kurali APMC
Punjab,28,Mohali,466,793,Lalru APMC
Punjab,28,Muktsar,467,1452,Bariwala APMC
Punjab,28,Muktsar,467,617,Giddarbaha APMC
Punjab,28,Muktsar,467,3422,Malout (Kilianwali) APMC
Punjab,28,Muktsar,467,3417,Malout (Panniwala) APMC
Punjab,28,Muktsar,467,231,Malout APMC
Punjab,28,Muktsar,467,230,Muktsar APMC
Punjab,28,Nawanshahr,468,1453,Balachaur APMC
Punjab,28,Nawanshahr,468,3423,Banga (Kataria) APMC
Punjab,28,Nawanshahr,468,1454,Banga APMC
Punjab,28,Nawanshahr,468,2698,Nawan Shahar(Mandi Aur) APMC
Punjab,28,Nawanshahr,468,2697,Nawan Shahar(Mandi Jadla) APMC
Punjab,28,Nawanshahr,468,2491,Nawan Shahar(MandiRaho) APMC
Punjab,28,Nawanshahr,468,2490,Nawan Shahar(Subzi Mandi) APMC
Punjab,28,Nawanshahr,468,618,Nawanshahar APMC
Punjab,28,Pathankot,469,1578,Narot J Singh APMC
Punjab,28,Pathankot,469,3439,Pathankot (Kanwa) APMC
Punjab,28,Pathankot,469,599,Pathankot APMC
Punjab,28,Patiala,470,1455,Bhadson APMC
Punjab,28,Patiala,470,1586,Dakala APMC
Punjab,28,Patiala,470,619,Dudhansadhan APMC
Punjab,28,Patiala,470,1588,Ghanaur APMC
Punjab,28,Patiala,470,235,Nabha APMC
Punjab,28,Patiala,470,232,Patiala APMC
Punjab,28,Patiala,470,2699,Patiala(Anaj Mandi Sanaur Road) APMC
Punjab,28,Patiala,470,2493,Patiala(New Anaj Mandi) APMC
Punjab,28,Patiala,470,233,Patran APMC
Punjab,28,Patiala,470,2492,Patran(Ghagga Mandi) APMC
Punjab,28,Patiala,470,1456,Rajpura APMC
Punjab,28,Patiala,470,234,Samana APMC
Punjab,28,Patiala,470,3036,Samana(Gajewas) APMC
Punjab,28,Patiala,470,3037,Samana(Kakrala) APMC
Punjab,28,Ropar (Rupnagar),471,620,Anandpur Sahib APMC
Punjab,28,Ropar (Rupnagar),471,1457,Chamkaur Sahib APMC
Punjab,28,Ropar (Rupnagar),471,794,Morinda APMC
Punjab,28,Ropar (Rupnagar),471,621,Ropar APMC
Punjab,28,Sangrur,472,1460,Ahmedgarh APMC
Punjab,28,Sangrur,472,1589,Amargarh APMC
Punjab,28,Sangrur,472,240,Bhawanigarh APMC
Punjab,28,Sangrur,472,3405,Cheema (Lonogal) APMC
Punjab,28,Sangrur,472,1591,Cheema APMC
Punjab,28,Sangrur,472,237,Dhuri APMC
Punjab,28,Sangrur,472,3038,Dirba APMC
Punjab,28,Sangrur,472,1461,Khanauri APMC
Punjab,28,Sangrur,472,1593,Lehra Gaga APMC
Punjab,28,Sangrur,472,238,Malerkotla APMC
Punjab,28,Sangrur,472,1462,Moonak APMC
Punjab,28,Sangrur,472,3906,Sandaur APMC
Punjab,28,Sangrur,472,1595,Sangrur APMC
Punjab,28,Sangrur,472,1596,Sherpur APMC
Punjab,28,Sangrur,472,1597,Sulargharat APMC
Punjab,28,Sangrur,472,239,Sunam APMC
Punjab,28,Tarntaran,473,3412,Bhikhiwind (Algo) APMC
Punjab,28,Tarntaran,473,3413,Bhikhiwind (Basarke) APMC
Punjab,28,Tarntaran,473,3424,Bhikhiwind (Marrimegha) APMC
Punjab,28,Tarntaran,473,3428,Bhikhiwind (Sursingh) APMC
Punjab,28,Tarntaran,473,1419,Bhikhiwind APMC
Punjab,28,Tarntaran,473,2496,Bhikhiwind(Khalra) APMC
Punjab,28,Tarntaran,473,1562,Chabhal APMC
Punjab,28,Tarntaran,473,3364,Harike APMC
Punjab,28,Tarntaran,473,1564,Khadur Sahib APMC
Punjab,28,Tarntaran,473,2500,Khadur Sahib(Fetehabad) APMC
Punjab,28,Tarntaran,473,1565,Khem karan APMC
Punjab,28,Tarntaran,473,3404,Khemkaran (Amarkot) APMC
Punjab,28,Tarntaran,473,3437,Naushera Pannua (Dhotian) APMC
Punjab,28,Tarntaran,473,1568,Naushera Pannuan APMC
Punjab,28,Tarntaran,473,598,Patti APMC
Punjab,28,Tarntaran,473,216,Tarantaran APMC
Rajasthan,29,Pratapgarh,514,4396,Arnod APMC
Rajasthan,29,Pratapgarh,514,3658,Chhotisadri APMC
Rajasthan,29,Pratapgarh,514,253,Pratapgarh APMC
Rajasthan,29,Ajmer,475,243,Ajmer (Grain) APMC
Rajasthan,29,Ajmer,475,1610,Ajmer(F&V) APMC
Rajasthan,29,Ajmer,475,1374,Kekri APMC
Rajasthan,29,Ajmer,475,1132,Madanganj Kishangarh APMC
Rajasthan,29,Alwar,476,244,Alwar APMC
Rajasthan,29,Alwar,476,2742,Barodamev APMC
Rajasthan,29,Alwar,476,3567,Govindgarh APMC
Rajasthan,29,Alwar,476,246,Kherli APMC
Rajasthan,29,Alwar,476,2754,Laxmangarh - Barodamev  APMC
Rajasthan,29,Balotra,478,1395,Balotra APMC
Rajasthan,29,Banswara,479,641,Banswara APMC
Rajasthan,29,Baran,480,2479,Anta APMC
Rajasthan,29,Baran,480,1400,Atru APMC
Rajasthan,29,Baran,480,247,Baran APMC
Rajasthan,29,Baran,480,1402,Chhabra APMC
Rajasthan,29,Baran,480,2734,Galla Chhipabarod - Chhabra APMC
Rajasthan,29,Baran,480,2747,Kawai Salpura - Atru APMC
Rajasthan,29,Baran,480,4908,Lehsun Chhipabarod - Chhabra APMC
Rajasthan,29,Baran,480,3888,Nahargarh APMC
Rajasthan,29,Baran,480,3889,Samraniyan APMC
Rajasthan,29,Barmer,481,629,Barmer APMC
Rajasthan,29,Barmer,481,3886,Chohtan APMC
Rajasthan,29,Barmer,481,3887,Dhorimanna APMC
Rajasthan,29,Beawar,482,623,Beawar APMC
Rajasthan,29,Beawar,482,1372,Bijaynagar APMC
Rajasthan,29,Beawar,482,1613,Jaitaran APMC
Rajasthan,29,Bharatpur,483,1377,Bayana APMC
Rajasthan,29,Bharatpur,483,248,Bharatpur APMC
Rajasthan,29,Bharatpur,483,4393,Bhusawar Bair APMC
Rajasthan,29,Bharatpur,483,1379,Nadwai APMC
Rajasthan,29,Bhilwara,484,250,Bhilwara APMC
Rajasthan,29,Bhilwara,484,2472,Bijolia APMC
Rajasthan,29,Bhilwara,484,2460,Gangapur APMC
Rajasthan,29,Bhilwara,484,2761,Gulabpura APMC
Rajasthan,29,Bhilwara,484,2459,Mandalgarh APMC
Rajasthan,29,Bhilwara,484,3555,Shahpura APMC
Rajasthan,29,Bikaner,485,3665,Bajju APMC
Rajasthan,29,Bikaner,485,1611,Bikaner (F&V) APMC
Rajasthan,29,Bikaner,485,626,Bikaner (Grain) APMC
Rajasthan,29,Bikaner,485,1381,Khajuwala APMC
Rajasthan,29,Bikaner,485,1382,Lunkaransar APMC
Rajasthan,29,Bikaner,485,1383,Nokha APMC
Rajasthan,29,Bikaner,485,3884,Pugal Road Grain APMC
Rajasthan,29,Bikaner,485,2463,Sridungargarh APMC
Rajasthan,29,Bundi,486,251,Bundi APMC
Rajasthan,29,Bundi,486,2480,Dei APMC
Rajasthan,29,Bundi,486,2466,Keshoraipatan APMC
Rajasthan,29,Bundi,486,2467,Sumerganj APMC
Rajasthan,29,Chittorgarh,487,2469,Barisadri APMC
Rajasthan,29,Chittorgarh,487,1415,Begu APMC
Rajasthan,29,Chittorgarh,487,1416,Chittorgarh APMC
Rajasthan,29,Chittorgarh,487,2471,Kapasan APMC
Rajasthan,29,Chittorgarh,487,252,Nimbahera APMC
Rajasthan,29,Churu,488,627,Churu APMC
Rajasthan,29,Churu,488,4674,Ratangarh APMC
Rajasthan,29,Churu,488,254,Sadulpur APMC
Rajasthan,29,Churu,488,2462,Sardar Shahar APMC
Rajasthan,29,Churu,488,1385,Sujangarh APMC
Rajasthan,29,Dausa,489,1392,Bandikui APMC
Rajasthan,29,Dausa,489,255,Dausa APMC
Rajasthan,29,Dausa,489,628,Lalsot APMC
Rajasthan,29,Dausa,489,2737,Mahuwa APMC
Rajasthan,29,Dausa,489,1394,Mandawar APMC
Rajasthan,29,Dausa,489,2733,Mandawari APMC
Rajasthan,29,Deedwana Kuchaman,490,272,Deedwana APMC
Rajasthan,29,Deedwana Kuchaman,490,271,Kuchaman City APMC
Rajasthan,29,Deeg,491,1378,Deeg APMC
Rajasthan,29,Deeg,491,249,Kama APMC
Rajasthan,29,Deeg,491,2741,Kumher APMC
Rajasthan,29,Deeg,491,1380,Nagar APMC
Rajasthan,29,Deeg,491,3560,Pahari APMC
Rajasthan,29,Deeg,491,3561,Sikri APMC
Rajasthan,29,Dholpur,492,625,Dholpur APMC
Rajasthan,29,Dungarpur,494,2470,Dungarpur APMC
Rajasthan,29,Ganganagar,495,256,Anupgarh APMC
Rajasthan,29,Ganganagar,495,1409,Gajsinghpur APMC
Rajasthan,29,Ganganagar,495,1135,Gharsana APMC
Rajasthan,29,Ganganagar,495,1410,Jaitsar APMC
Rajasthan,29,Ganganagar,495,1411,Kesarisinghpur APMC
Rajasthan,29,Ganganagar,495,2484,Lalgarh Jatan - Sri Ganganagar Grain APMC
Rajasthan,29,Ganganagar,495,1136,Padampur APMC
Rajasthan,29,Ganganagar,495,640,Raisingh Nagar APMC
Rajasthan,29,Ganganagar,495,1412,Rawla APMC
Rajasthan,29,Ganganagar,495,3623,Ridmalsar APMC
Rajasthan,29,Ganganagar,495,1390,Sadulshahar APMC
Rajasthan,29,Ganganagar,495,1413,Sri Karanpur APMC
Rajasthan,29,Ganganagar,495,1414,Sri Vijayanagar APMC
Rajasthan,29,Ganganagar,495,1614,Sriganganagar (F&V) APMC
Rajasthan,29,Ganganagar,495,257,Sriganganagar (Grain) APMC
Rajasthan,29,Ganganagar,495,1391,Suratgarh APMC
Rajasthan,29,Hanumangarh,497,1386,Bhadara APMC
Rajasthan,29,Hanumangarh,497,3626,Dablirathan APMC
Rajasthan,29,Hanumangarh,497,1387,Goluwala APMC
Rajasthan,29,Hanumangarh,497,258,Hanumangarh APMC
Rajasthan,29,Hanumangarh,497,2758,HanumangarhTown APMC
Rajasthan,29,Hanumangarh,497,1388,Nohar APMC
Rajasthan,29,Hanumangarh,497,260,Pilibanga APMC
Rajasthan,29,Hanumangarh,497,1389,Rawatsar APMC
Rajasthan,29,Hanumangarh,497,259,Sangriya APMC
Rajasthan,29,Hanumangarh,497,4675,Tibbi APMC
Rajasthan,29,Jaipur,498,2475,Bagru APMC
Rajasthan,29,Jaipur,498,2744,Bassi APMC
Rajasthan,29,Jaipur,498,1612,Chaksu APMC
Rajasthan,29,Jaipur,498,2739,Chomu FV APMC
Rajasthan,29,Jaipur,498,262,Chomu Grain APMC
Rajasthan,29,Jaipur,498,4394,Dudu APMC
Rajasthan,29,Jaipur,498,261,Jaipur (F&V) APMC
Rajasthan,29,Jaipur,498,263,Jaipur (Grain) APMC
Rajasthan,29,Jaipur,498,264,Kishangarh Renwal APMC
Rajasthan,29,Jaipur,498,3962,Rajdhanai Mandi KukarKheda APMC
Rajasthan,29,Jaisalmer,500,630,Jaisalmer APMC
Rajasthan,29,Jaisalmer,500,3661,Mohangarh APMC
Rajasthan,29,Jalore,501,1396,Bhinmal APMC
Rajasthan,29,Jalore,501,631,Jalore APMC
Rajasthan,29,Jalore,501,2759,Raniwara APMC
Rajasthan,29,Jalore,501,2465,Sanchore APMC
Rajasthan,29,Jhalawar,502,1401,Bhawani Mandi APMC
Rajasthan,29,Jhalawar,502,2751,Choumahla APMC
Rajasthan,29,Jhalawar,502,3890,Dag APMC
Rajasthan,29,Jhalawar,502,1403,Iklera APMC
Rajasthan,29,Jhalawar,502,633,Jhalarapatan APMC
Rajasthan,29,Jhalawar,502,1405,Khanpur APMC
Rajasthan,29,Jhalawar,502,3592,Manohararthana APMC
Rajasthan,29,Jodhpur,503,2731,Bhagat Ki Kothi APMC
Rajasthan,29,Jodhpur,503,1397,Bilara APMC
Rajasthan,29,Jodhpur,503,266,Jodhpur (F&V) APMC
Rajasthan,29,Jodhpur,503,267,Jodhpur (Grain) APMC
Rajasthan,29,Jodhpur,503,2477,Osiyan Mathania APMC
Rajasthan,29,Jodhpur,503,2464,Pipar City APMC
Rajasthan,29,Karauli,505,1133,Hindoun APMC
Rajasthan,29,Khairthal Tijara,507,245,Khairthal APMC
Rajasthan,29,Khairthal Tijara,507,3882,Kishangarhbas APMC
Rajasthan,29,Khairthal Tijara,507,3568,Tijara APMC
Rajasthan,29,Kota,508,1404,Itawa APMC
Rajasthan,29,Kota,508,4395,Khatauli APMC
Rajasthan,29,Kota,508,2481,Kota (F&V) APMC
Rajasthan,29,Kota,508,268,Kota APMC
Rajasthan,29,Kota,508,634,Ramganjmandi APMC
Rajasthan,29,Kotputli- Behror,509,3566,Bansoor APMC
Rajasthan,29,Kotputli- Behror,509,3571,Behror APMC
Rajasthan,29,Kotputli- Behror,509,1393,Kotputli APMC
Rajasthan,29,Nagaur,510,270,Degana APMC
Rajasthan,29,Nagaur,510,3892,Jayal APMC
Rajasthan,29,Nagaur,510,637,Merta City APMC
Rajasthan,29,Nagaur,510,269,Nagaur APMC
Rajasthan,29,Pali,512,632,Pali APMC
Rajasthan,29,Pali,512,1398,Rani APMC
Rajasthan,29,Pali,512,2732,Sojat City APMC
Rajasthan,29,Pali,512,1399,Sojat Road APMC
Rajasthan,29,Pali,512,1134,Sumerpur APMC
Rajasthan,29,Phalodi,513,2745,Phalodi APMC
Rajasthan,29,Rajsamand,515,1418,Rajsamand APMC
Rajasthan,29,Sikar,518,2468,Fatehpur APMC
Rajasthan,29,Sikar,518,1407,Neem Ka Thana APMC
Rajasthan,29,Sikar,518,3963,Palsana APMC
Rajasthan,29,Sikar,518,638,Sikar APMC
Rajasthan,29,Sikar,518,639,Sri Madhopur APMC
Rajasthan,29,Sirohi,519,642,Abu Road APMC
Rajasthan,29,Swai Madhopur,520,273,Gangapur City APMC
Rajasthan,29,Swai Madhopur,520,4676,Khandar APMC
Rajasthan,29,Swai Madhopur,520,635,Sawai Madhopur APMC
Rajasthan,29,Tonk,521,1373,Deoli APMC
Rajasthan,29,Tonk,521,3791,Dooni APMC
Rajasthan,29,Tonk,521,1375,Malpura APMC
Rajasthan,29,Tonk,521,1376,Niwai APMC
Rajasthan,29,Tonk,521,2748,Todaraisingh APMC
Rajasthan,29,Tonk,521,624,Tonk APMC
Rajasthan,29,Tonk,521,2461,Uniyara APMC
Rajasthan,29,Udaipur,522,1417,Fatehnagar APMC
Rajasthan,29,Udaipur,522,2738,Udaipur (F&V) APMC
Rajasthan,29,Udaipur,522,643,Udaipur (Grain) APMC
Rajasthan,29,Jhunjhunu,474,1406,Chirawa APMC
Rajasthan,29,Jhunjhunu,474,3580,Gudhagorji APMC
Rajasthan,29,Jhunjhunu,474,636,Jhunjhunu APMC
Rajasthan,29,Jhunjhunu,474,265,Nawalgarh APMC
Rajasthan,29,Jhunjhunu,474,1408,Surajgarh APMC
Sikkim,30,East,523,2815,East Shikkim APMC
Sikkim,30,East,523,274,Gangtok APMC
Sikkim,30,East,523,275,Rangpo APMC
Sikkim,30,East,523,1137,Rangpo Check Post APMC
Sikkim,30,North Sikkim (Mangan),524,2797,Mangan APMC
Sikkim,30,South Sikkim (Namchi),525,814,Kamling APMC
Sikkim,30,South Sikkim (Namchi),525,815,Melli APMC
Sikkim,30,South Sikkim (Namchi),525,2798,Namchi APMC
Sikkim,30,West Sikkim (Gyalsing),526,2799,Gyalsing APMC
Tamil Nadu,31,Ariyalur,527,2969,Andimadom APMC
Tamil Nadu,31,Ariyalur,527,2967,Ariyalur Market APMC
Tamil Nadu,31,Ariyalur,527,4055,Ariyalur(Uzhavar Sandhai)
Tamil Nadu,31,Ariyalur,527,284,Jayamkondam APMC
Tamil Nadu,31,Ariyalur,527,4056,Jeyankondam (Uzhavar Sandhai )
Tamil Nadu,31,Chengalpattu,528,4214,Chengalpet(Uzhavar Sandhai )
Tamil Nadu,31,Chengalpattu,528,4220,Guduvancheri(Uzhavar Sandhai )
Tamil Nadu,31,Chengalpattu,528,4219,Jameenrayapettai(Uzhavar Sandhai )
Tamil Nadu,31,Chengalpattu,528,4218,Keelkattalai(Uzhavar Sandhai )
Tamil Nadu,31,Chengalpattu,528,4217,Madhuranthagam(Uzhavar Sandhai )
Tamil Nadu,31,Chengalpattu,528,4215,Medavakkam(Uzhavar Sandhai )
Tamil Nadu,31,Chengalpattu,528,4216,Nanganallur(Uzhavar Sandhai )
Tamil Nadu,31,Chengalpattu,528,4213,Pallavaram(Uzhavar Sandhai )
Tamil Nadu,31,Chengalpattu,528,4221,Thirukalukundram(Uzhavar Sandhai )
Tamil Nadu,31,Coimbatore,530,2417,Anaimalai APMC
Tamil Nadu,31,Coimbatore,530,1675,Annur APMC
Tamil Nadu,31,Coimbatore,530,277,Coimbatore APMC
Tamil Nadu,31,Coimbatore,530,2429,Karamadai APMC
Tamil Nadu,31,Coimbatore,530,2431,Kinathukadavu APMC
Tamil Nadu,31,Coimbatore,530,4061,Kurichi(Uzhavar Sandhai )
Tamil Nadu,31,Coimbatore,530,2432,Madathukulam APMC
Tamil Nadu,31,Coimbatore,530,4060,Mettupalayam(Uzhavar Sandhai )
Tamil Nadu,31,Coimbatore,530,2817,Negamam APMC
Tamil Nadu,31,Coimbatore,530,2416,Palladam APMC
Tamil Nadu,31,Coimbatore,530,2820,Pethappampatti APMC
Tamil Nadu,31,Coimbatore,530,278,Pollachi APMC
Tamil Nadu,31,Coimbatore,530,4059,Pollachi(Uzhavar Sandhai )
Tamil Nadu,31,Coimbatore,530,2819,Pongalur APMC
Tamil Nadu,31,Coimbatore,530,2428,Pudupalayam APMC
Tamil Nadu,31,Coimbatore,530,4057,RSPuram(Uzhavar Sandhai )
Tamil Nadu,31,Coimbatore,530,2821,Senjeri APMC
Tamil Nadu,31,Coimbatore,530,1676,Sevur APMC
Tamil Nadu,31,Coimbatore,530,4058,Singanallur(Uzhavar Sandhai )
Tamil Nadu,31,Coimbatore,530,2430,Sulur APMC
Tamil Nadu,31,Coimbatore,530,4062,Sulur(Uzhavar Sandhai )
Tamil Nadu,31,Coimbatore,530,4064,Sundarapuram(Uzhavar Sandhai )
Tamil Nadu,31,Coimbatore,530,276,Thiruppur APMC
Tamil Nadu,31,Coimbatore,530,2818,Thondamuthur APMC
Tamil Nadu,31,Coimbatore,530,1061,Udumalpet APMC
Tamil Nadu,31,Coimbatore,530,4063,Vadavalli(Uzhavar Sandhai )
Tamil Nadu,31,Cuddalore,531,3398,Bhuvanagiri APMC
Tamil Nadu,31,Cuddalore,531,2932,Chidambaram APMC
Tamil Nadu,31,Cuddalore,531,4066,Chidambaram(Uzhavar Sandhai )
Tamil Nadu,31,Cuddalore,531,645,Cuddalore APMC
Tamil Nadu,31,Cuddalore,531,4065,Cuddalore(Uzhavar Sandhai )
Tamil Nadu,31,Cuddalore,531,2424,Kattumaner koil APMC
Tamil Nadu,31,Cuddalore,531,2423,Kurinchipadi APMC
Tamil Nadu,31,Cuddalore,531,1217,Panruti APMC
Tamil Nadu,31,Cuddalore,531,4068,Panruti(Uzhavar Sandhai )
Tamil Nadu,31,Cuddalore,531,3399,Sethiathoppu APMC
Tamil Nadu,31,Cuddalore,531,2933,Shrimushnam APMC
Tamil Nadu,31,Cuddalore,531,2931,Tittakudi APMC
Tamil Nadu,31,Cuddalore,531,4069,Vadalur(Uzhavar Sandhai )
Tamil Nadu,31,Cuddalore,531,279,Virudhachalam APMC
Tamil Nadu,31,Cuddalore,531,4067,Viruthachalam(Uzhavar Sandhai )
Tamil Nadu,31,Dharmapuri,532,4074,AJattihalli(Uzhavar Sandhai )
Tamil Nadu,31,Dharmapuri,532,1472,Dharampuri APMC
Tamil Nadu,31,Dharmapuri,532,4070,Dharmapuri(Uzhavar Sandhai )
Tamil Nadu,31,Dharmapuri,532,2038,Harur APMC
Tamil Nadu,31,Dharmapuri,532,4073,Harur(Uzhavar Sandhai )
Tamil Nadu,31,Dharmapuri,532,2985,Kambainallur APMC
Tamil Nadu,31,Dharmapuri,532,4072,Palacode(Uzhavar Sandhai )
Tamil Nadu,31,Dharmapuri,532,2418,Palakode APMC
Tamil Nadu,31,Dharmapuri,532,2987,Papparapatti APMC
Tamil Nadu,31,Dharmapuri,532,2984,Pappireddipatti APMC
Tamil Nadu,31,Dharmapuri,532,2419,Pennagaram APMC
Tamil Nadu,31,Dharmapuri,532,4071,Pennagaram(Uzhavar Sandhai )
Tamil Nadu,31,Dindigul,533,4079,Batlagundu(Uzhavar Sandhai )
Tamil Nadu,31,Dindigul,533,4077,Chinnalapatti(Uzhavar Sandhai )
Tamil Nadu,31,Dindigul,533,1474,Dindigul APMC
Tamil Nadu,31,Dindigul,533,4075,Dindigul(Uzhavar Sandhai )
Tamil Nadu,31,Dindigul,533,2956,Gopalpatti APMC
Tamil Nadu,31,Dindigul,533,4078,Kodaikkanal(Uzhavar Sandhai)
Tamil Nadu,31,Dindigul,533,2955,Natham APMC
Tamil Nadu,31,Dindigul,533,2438,Oddunchairum APMC
Tamil Nadu,31,Dindigul,533,2440,Palani APMC
Tamil Nadu,31,Dindigul,533,4076,Palani(Uzhavar Sandhai )
Tamil Nadu,31,Dindigul,533,3313,Vadamadurai  APMC
Tamil Nadu,31,Dindigul,533,2954,Vathlagundu APMC
Tamil Nadu,31,Dindigul,533,3312,Vedachandur APMC
Tamil Nadu,31,Dindigul,533,4080,Vedasanthur(Uzhavar Sandhai )
Tamil Nadu,31,Erode,534,2976,Alangeyam APMC
Tamil Nadu,31,Erode,534,1223,Anthiyur APMC
Tamil Nadu,31,Erode,534,1225,Avalpoonthurai APMC
Tamil Nadu,31,Erode,534,2822,Bhavani APMC
Tamil Nadu,31,Erode,534,281,Boothapadi APMC
Tamil Nadu,31,Erode,534,2823,Chithode APMC
Tamil Nadu,31,Erode,534,2824,Dharapuram APMC
Tamil Nadu,31,Erode,534,2835,Elumathur APMC
Tamil Nadu,31,Erode,534,280,Erode APMC
Tamil Nadu,31,Erode,534,2825,Gobichettipalayam APMC
Tamil Nadu,31,Erode,534,4082,Gobichettipalayam(Uzhavar Sandhai )
Tamil Nadu,31,Erode,534,2973,Gopichetty APMC
Tamil Nadu,31,Erode,534,2826,Kangeyam APMC
Tamil Nadu,31,Erode,534,1224,Kavunthapadi APMC
Tamil Nadu,31,Erode,534,1065,Kodumudi APMC
Tamil Nadu,31,Erode,534,2827,Kunnathur APMC
Tamil Nadu,31,Erode,534,2828,Maylampadi APMC
Tamil Nadu,31,Erode,534,1677,Moolanur APMC
Tamil Nadu,31,Erode,534,2834,Muthur APMC
Tamil Nadu,31,Erode,534,2974,Mylampadi APMC
Tamil Nadu,31,Erode,534,2829,Nambiyur APMC
Tamil Nadu,31,Erode,534,4084,Periyar Nagar(Uzhavar Sandhai )
Tamil Nadu,31,Erode,534,2830,Perundurai APMC
Tamil Nadu,31,Erode,534,4085,Perundurai(Uzhavar Sandhai )
Tamil Nadu,31,Erode,534,4668,Punjaipuliyampatti APMC
Tamil Nadu,31,Erode,534,4081,Sampath Nagar(Uzhavar Sandhai )
Tamil Nadu,31,Erode,534,4083,Sathiyamagalam(Uzhavar Sandhai )
Tamil Nadu,31,Erode,534,3370,Sathyamangalam APMC
Tamil Nadu,31,Erode,534,2427,Sivagiri APMC
Tamil Nadu,31,Erode,534,2831,Thalavadi APMC
Tamil Nadu,31,Erode,534,4086,Thalavadi(Uzhavar Sandhai )
Tamil Nadu,31,Erode,534,2833,Vellankoil APMC
Tamil Nadu,31,Kallakuruchi,535,4222,Kallakurichi(Uzhavar Sandhai )
Tamil Nadu,31,Kallakuruchi,535,4224,Sankarapuram(Uzhavar Sandhai )
Tamil Nadu,31,Kallakuruchi,535,4223,Ulundurpettai(Uzhavar Sandhai )
Tamil Nadu,31,Kancheepuram,536,1064,Acharapakkam APMC
Tamil Nadu,31,Kancheepuram,536,3283,Chengalpattu APMC
Tamil Nadu,31,Kancheepuram,536,2914,Gummidipoondy APMC
Tamil Nadu,31,Kancheepuram,536,4087,Kancheepuram(Uzhavar Sandhai )
Tamil Nadu,31,Kancheepuram,536,1467,Kanchipuram APMC
Tamil Nadu,31,Kancheepuram,536,4090,Kundrathur(Uzhavar Sandhai )
Tamil Nadu,31,Kancheepuram,536,1090,Maduranthagam APMC
Tamil Nadu,31,Kancheepuram,536,2908,Nazerethpet APMC
Tamil Nadu,31,Kancheepuram,536,4088,Padappai(Uzhavar Sandhai )
Tamil Nadu,31,Kancheepuram,536,2912,Pallipattu APMC
Tamil Nadu,31,Kancheepuram,536,2909,Ponner APMC
Tamil Nadu,31,Kancheepuram,536,3153,Sunguvarchatram APMC
Tamil Nadu,31,Kancheepuram,536,4089,Sunguvarchatram(Uzhavar Sandhai )
Tamil Nadu,31,Kancheepuram,536,2911,Thirukkalukundram APMC
Tamil Nadu,31,Kancheepuram,536,2420,Tiruttani APMC
Tamil Nadu,31,Kancheepuram,536,1089,Uthiramerur APMC
Tamil Nadu,31,Kancheepuram,536,2913,Uthukottai APMC
Tamil Nadu,31,Karur,537,2966,Karur APMC
Tamil Nadu,31,Karur,537,4091,Karur(Uzhavar Sandhai )
Tamil Nadu,31,Karur,537,4092,Kulithalai(Uzhavar Sandhai )
Tamil Nadu,31,Karur,537,4094,Pallapatti (Uzhavar Sandhai )
Tamil Nadu,31,Karur,537,4093,Velayuthampalayam(Uzhavar Sandhai )
Tamil Nadu,31,Karur,537,4095,Vengamedu(Uzhavar Sandhai )
Tamil Nadu,31,Krishnagiri,538,4100,Avallapalli(Uzhavar Sandhai )
Tamil Nadu,31,Krishnagiri,538,2986,Bargur APMC
Tamil Nadu,31,Krishnagiri,538,2988,Denkanikottai APMC
Tamil Nadu,31,Krishnagiri,538,4099,Denkanikottai(Uzhavar Sandhai )
Tamil Nadu,31,Krishnagiri,538,1674,Hosur APMC
Tamil Nadu,31,Krishnagiri,538,4096,Hosur(Uzhavar Sandhai )
Tamil Nadu,31,Krishnagiri,538,4098,Kaveripattinam(Uzhavar Sandhai )
Tamil Nadu,31,Krishnagiri,538,4725,Kelamangalam APMC
Tamil Nadu,31,Krishnagiri,538,1673,Krishnagiri APMC
Tamil Nadu,31,Krishnagiri,538,4097,Krishnagiri(Uzhavar Sandhai )
Tamil Nadu,31,Krishnagiri,538,1067,Pochampalli APMC
Tamil Nadu,31,Krishnagiri,538,4774,Rayakottai APMC
Tamil Nadu,31,Krishnagiri,538,2413,Uthangarai APMC
Tamil Nadu,31,Madurai,539,4107,Anaiyur(Uzhavar Sandhai )
Tamil Nadu,31,Madurai,539,4101,Anna nagar(Uzhavar Sandhai )
Tamil Nadu,31,Madurai,539,4102,Chokkikulam(Uzhavar Sandhai )
Tamil Nadu,31,Madurai,539,4721,Kallupatti RM APMC
Tamil Nadu,31,Madurai,539,283,Madurai APMC
Tamil Nadu,31,Madurai,539,2950,Melur APMC
Tamil Nadu,31,Madurai,539,4106,Melur(Uzhavar Sandhai )
Tamil Nadu,31,Madurai,539,4103,Palanganatham(Uzhavar Sandhai )
Tamil Nadu,31,Madurai,539,1682,Thirumangalam APMC
Tamil Nadu,31,Madurai,539,4105,Thirumangalam(Uzhavar Sandhai )
Tamil Nadu,31,Madurai,539,4104,Usilampatti(Uzhavar Sandhai )
Tamil Nadu,31,Madurai,539,2951,Usilampatty APMC
Tamil Nadu,31,Madurai,539,4789,Vadipatti RM APMC
Tamil Nadu,31,Nagapattinam,541,3750,Kilvelur APMC
Tamil Nadu,31,Nagapattinam,541,2960,Kuthalam APMC
Tamil Nadu,31,Nagapattinam,541,2961,Mailaduthurai APMC
Tamil Nadu,31,Nagapattinam,541,4108,Mayiladuthurai(Uzhavar Sandhai )
Tamil Nadu,31,Nagapattinam,541,2889,Nagapattinam APMC
Tamil Nadu,31,Nagapattinam,541,4109,Nagapattinam(Uzhavar Sandhai )
Tamil Nadu,31,Nagapattinam,541,1680,Sembanarkoil APMC
Tamil Nadu,31,Nagapattinam,541,2962,Sirkali APMC
Tamil Nadu,31,Nagapattinam,541,4110,Sirkali(Uzhavar Sandhai )
Tamil Nadu,31,Nagapattinam,541,3751,Thirupoondi APMC
Tamil Nadu,31,Nagapattinam,541,2963,Vedaranyam APMC
Tamil Nadu,31,Nagercoil (Kannyiakumari),542,3371,Eathamozhi APMC
Tamil Nadu,31,Nagercoil (Kannyiakumari),542,3373,Kalliakavillai APMC
Tamil Nadu,31,Nagercoil (Kannyiakumari),542,2890,Kanayakumari APMC
Tamil Nadu,31,Nagercoil (Kannyiakumari),542,2989,Kulasekaram APMC
Tamil Nadu,31,Nagercoil (Kannyiakumari),542,1685,Monday Market APMC
Tamil Nadu,31,Nagercoil (Kannyiakumari),542,4212,Myladi(Uzhavar Sandhai )
Tamil Nadu,31,Nagercoil (Kannyiakumari),542,3372,Thoduvetty APMC
Tamil Nadu,31,Nagercoil (Kannyiakumari),542,681,Vadaseri APMC
Tamil Nadu,31,Nagercoil (Kannyiakumari),542,4211,Vadaseri(Uzhavar Sandhai )
Tamil Nadu,31,Namakkal,543,4114,Kumarapalayam(Uzhavar Sandhai )
Tamil Nadu,31,Namakkal,543,4116,Mohanur(Uzhavar Sandhai )
Tamil Nadu,31,Namakkal,543,2426,Namagiripettai APMC
Tamil Nadu,31,Namakkal,543,646,Namakkal APMC
Tamil Nadu,31,Namakkal,543,4111,Namakkal(Uzhavar Sandhai )
Tamil Nadu,31,Namakkal,543,4115,Paramathivelur(Uzhavar Sandhai )
Tamil Nadu,31,Namakkal,543,2939,Rasipuram APMC
Tamil Nadu,31,Namakkal,543,4113,Rasipuram(Uzhavar Sandhai )
Tamil Nadu,31,Namakkal,543,2940,Tiruchengode APMC
Tamil Nadu,31,Namakkal,543,4112,Tiruchengode(Uzhavar Sandhai )
Tamil Nadu,31,Perambalur,544,4121,Perambalur(Uzhavar Sandhai )
Tamil Nadu,31,Perambalur,544,4122,Veppanthattai(Uzhavar Sandhai )
Tamil Nadu,31,Pudukkottai,545,1681,Alangudi APMC
Tamil Nadu,31,Pudukkottai,545,4125,Alangudi(Uzhavar Sandhai )
Tamil Nadu,31,Pudukkottai,545,2957,Aranthangi APMC
Tamil Nadu,31,Pudukkottai,545,4124,Aranthangi(Uzhavar Sandhai )
Tamil Nadu,31,Pudukkottai,545,4685,Avudaiyarkovil APMC
Tamil Nadu,31,Pudukkottai,545,4863,Gandarvakkottai APMC
Tamil Nadu,31,Pudukkottai,545,4126,Gandarvakottai(Uzhavar Sandhai )
Tamil Nadu,31,Pudukkottai,545,4715,Illuppur APMC
Tamil Nadu,31,Pudukkottai,545,4127,Karambakkudi(Uzhavar Sandhai )
Tamil Nadu,31,Pudukkottai,545,4870,Karambakudi APMC
Tamil Nadu,31,Pudukkottai,545,4719,Keeramangalam APMC
Tamil Nadu,31,Pudukkottai,545,4720,Keeranur APMC
Tamil Nadu,31,Pudukkottai,545,4852,Ponnamaravathi(Uzhavar Sandhai)
Tamil Nadu,31,Pudukkottai,545,4752,Ponnamaravathy APMC
Tamil Nadu,31,Pudukkottai,545,2891,Pudukottai APMC
Tamil Nadu,31,Pudukkottai,545,4123,Pudukottai(Uzhavar Sandhai )
Tamil Nadu,31,Pudukkottai,545,4128,Viralimalai(Uzhavar Sandhai )
Tamil Nadu,31,Ramanathapuram,546,2981,Kamuthi APMC
Tamil Nadu,31,Ramanathapuram,546,4131,Kamuthi(Uzhavar Sandhai )
Tamil Nadu,31,Ramanathapuram,546,4744,Mudukulathur RM APMC
Tamil Nadu,31,Ramanathapuram,546,2437,Paramakudi APMC
Tamil Nadu,31,Ramanathapuram,546,4130,Paramakudi(Uzhavar Sandhai )
Tamil Nadu,31,Ramanathapuram,546,2983,Rajasingamangalam APMC
Tamil Nadu,31,Ramanathapuram,546,1475,Ramanathapuram APMC
Tamil Nadu,31,Ramanathapuram,546,4129,Ramanathapuram(Uzhavar Sandhai )
Tamil Nadu,31,Ramanathapuram,546,1684,Sivagangai APMC
Tamil Nadu,31,Ramanathapuram,546,4785,Thiruvadanai RM APMC
Tamil Nadu,31,Ranipet,547,4226,Arcot(Uzhavar Sandhai )
Tamil Nadu,31,Ranipet,547,4225,Ranipettai(Uzhavar Sandhai )
Tamil Nadu,31,Salem,548,4133,Ammapet(Uzhavar Sandhai )
Tamil Nadu,31,Salem,548,4134,Athur(Uzhavar Sandhai )
Tamil Nadu,31,Salem,548,4137,Attayampatti(Uzhavar Sandhai )
Tamil Nadu,31,Salem,548,3361,Attur APMC
Tamil Nadu,31,Salem,548,4142,Edapadi (Uzhavar Sandhai )
Tamil Nadu,31,Salem,548,3967,Edappadi APMC
Tamil Nadu,31,Salem,548,4139,Elampillai(Uzhavar Sandhai )
Tamil Nadu,31,Salem,548,2947,Gangavalli APMC
Tamil Nadu,31,Salem,548,4138,Hasthampatti(Uzhavar Sandhai )
Tamil Nadu,31,Salem,548,4141,Jalagandapuram(Uzhavar Sandhai )
Tamil Nadu,31,Salem,548,3966,Kadaiyampatti APMC
Tamil Nadu,31,Salem,548,2948,Karumanturai APMC
Tamil Nadu,31,Salem,548,2942,Kolathur APMC
Tamil Nadu,31,Salem,548,2941,Konganapuram APMC
Tamil Nadu,31,Salem,548,3965,Mecheri APMC
Tamil Nadu,31,Salem,548,4136,Mettur(Uzhavar Sandhai )
Tamil Nadu,31,Salem,548,2946,Omalur APMC
Tamil Nadu,31,Salem,548,1471,Salem APMC
Tamil Nadu,31,Salem,548,3964,Sankagiri APMC
Tamil Nadu,31,Salem,548,4132,Sooramangalam(Uzhavar Sandhai )
Tamil Nadu,31,Salem,548,2945,Thalaivasal APMC
Tamil Nadu,31,Salem,548,2425,Thammampati APMC
Tamil Nadu,31,Salem,548,4140,Thammampatti (Uzhavar Sandhai )
Tamil Nadu,31,Salem,548,4135,Thathakapatti(Uzhavar Sandhai )
Tamil Nadu,31,Salem,548,2944,Vazhapadi APMC
Tamil Nadu,31,Sivaganga,549,4858,Ammapattai APMC
Tamil Nadu,31,Sivaganga,549,4144,Devakottai (Uzhavar Sandhai )
Tamil Nadu,31,Sivaganga,549,2982,Devakottai APMC
Tamil Nadu,31,Sivaganga,549,4716,Ilaiyangudi APMC
Tamil Nadu,31,Sivaganga,549,2980,Karaikudi APMC
Tamil Nadu,31,Sivaganga,549,4145,Karaikudi(Uzhavar Sandhai )
Tamil Nadu,31,Sivaganga,549,2978,Manamadurai  APMC
Tamil Nadu,31,Sivaganga,549,4147,Singampunari(Uzhavar Sandhai )
Tamil Nadu,31,Sivaganga,549,2979,Singampuneri APMC
Tamil Nadu,31,Sivaganga,549,4143,Sivagangai (Uzhavar Sandhai )
Tamil Nadu,31,Sivaganga,549,4784,Thiruppuvanamrm APMC
Tamil Nadu,31,Sivaganga,549,4146,Tirupatthur(Uzhavar Sandhai )
Tamil Nadu,31,Tenkasi,550,4227,Sankarankoil(Uzhavar Sandhai )
Tamil Nadu,31,Tenkasi,550,4228,Tenkasi(Uzhavar Sandhai )
Tamil Nadu,31,Thanjavur,551,4680,Adirampattinam APMC
Tamil Nadu,31,Thanjavur,551,3752,Budalur APMC
Tamil Nadu,31,Thanjavur,551,4149,Kumbakonam (Uzhavar Sandhai )
Tamil Nadu,31,Thanjavur,551,286,Kumbakonam APMC
Tamil Nadu,31,Thanjavur,551,4736,Madukkur APMC
Tamil Nadu,31,Thanjavur,551,1679,Orathanadu APMC
Tamil Nadu,31,Thanjavur,551,4750,Papanadu APMC
Tamil Nadu,31,Thanjavur,551,3753,Papanasam APMC
Tamil Nadu,31,Thanjavur,551,4152,Papanasam(Uzhavar Sandhai )
Tamil Nadu,31,Thanjavur,551,2958,Pattukottai APMC
Tamil Nadu,31,Thanjavur,551,4150,Pattukottai(Uzhavar Sandhai )
Tamil Nadu,31,Thanjavur,551,4751,Peravoorani APMC
Tamil Nadu,31,Thanjavur,551,285,Thanjavur APMC
Tamil Nadu,31,Thanjavur,551,4148,Thanjavur(Uzhavar Sandhai )
Tamil Nadu,31,Thanjavur,551,3755,Thiruppananthal APMC
Tamil Nadu,31,Thanjavur,551,4151,Tirukattupalli(Uzhavar Sandhai )
Tamil Nadu,31,Thanjavur,551,3754,Vallam APMC
Tamil Nadu,31,The Nilgiris,552,4118,Coonoor(Uzhavar Sandhai )
Tamil Nadu,31,The Nilgiris,552,4120,Gudalur(Uzhavar Sandhai )
Tamil Nadu,31,The Nilgiris,552,4871,Kothagiri APMC
Tamil Nadu,31,The Nilgiris,552,4119,Kothagiri(Uzhavar Sandhai )
Tamil Nadu,31,The Nilgiris,552,4749,Ooty APMC
Tamil Nadu,31,The Nilgiris,552,4117,Udhagamandalam(Uzhavar Sandhai )
Tamil Nadu,31,Theni,553,4158,Andipatti(Uzhavar Sandhai )
Tamil Nadu,31,Theni,553,4155,Bodinayakanur(Uzhavar Sandhai )
Tamil Nadu,31,Theni,553,2953,Bodinayakkanur APMC
Tamil Nadu,31,Theni,553,2952,Chinnamanur APMC
Tamil Nadu,31,Theni,553,4159,Chinnamanur(Uzhavar Sandhai )
Tamil Nadu,31,Theni,553,2439,Cumbum APMC
Tamil Nadu,31,Theni,553,4157,Devaram(Uzhavar Sandhai )
Tamil Nadu,31,Theni,553,4154,Kambam(Uzhavar Sandhai )
Tamil Nadu,31,Theni,553,4156,Periyakulam(Uzhavar Sandhai )
Tamil Nadu,31,Theni,553,1473,Theni APMC
Tamil Nadu,31,Theni,553,4153,Theni(Uzhavar Sandhai )
Tamil Nadu,31,Theni,553,4787,Uthamapalayam APMC
Tamil Nadu,31,Thiruchirappalli,554,4188,Anna Nagar(Uzhavar Sandhai )
Tamil Nadu,31,Thiruchirappalli,554,4189,KKNagar(Uzhavar Sandhai )
Tamil Nadu,31,Thiruchirappalli,554,2971,Lalgudi APMC
Tamil Nadu,31,Thiruchirappalli,554,4194,Lalgudi(Uzhavar Sandhai )
Tamil Nadu,31,Thiruchirappalli,554,2972,Manachanallur APMC
Tamil Nadu,31,Thiruchirappalli,554,4195,Manachanallur(Uzhavar Sandhai )
Tamil Nadu,31,Thiruchirappalli,554,2968,Manapparai APMC
Tamil Nadu,31,Thiruchirappalli,554,4191,Manapparai(Uzhavar Sandhai )
Tamil Nadu,31,Thiruchirappalli,554,4192,Musiri(Uzhavar Sandhai )
Tamil Nadu,31,Thiruchirappalli,554,4193,Thiruverumbur(Uzhavar Sandhai )
Tamil Nadu,31,Thiruchirappalli,554,2970,Thuraiyur APMC
Tamil Nadu,31,Thiruchirappalli,554,4190,Thuraiyur(Uzhavar Sandhai )
Tamil Nadu,31,Thiruchirappalli,554,1678,Trichy APMC
Tamil Nadu,31,Thirunelveli,555,2965,Ambasamudram APMC
Tamil Nadu,31,Thirunelveli,555,4163,Ambasamudram(Uzhavar Sandhai )
Tamil Nadu,31,Thirunelveli,555,4161,Kandiyaperi(Uzhavar Sandhai )
Tamil Nadu,31,Thirunelveli,555,4162,Melapalayam(Uzhavar Sandhai )
Tamil Nadu,31,Thirunelveli,555,4164,NGO Colony(Uzhavar Sandhai )
Tamil Nadu,31,Thirunelveli,555,4160,Palayamkottai(Uzhavar Sandhai )
Tamil Nadu,31,Thirunelveli,555,2892,Sankarankovil APMC
Tamil Nadu,31,Thirunelveli,555,2964,Thenkasi APMC
Tamil Nadu,31,Thirunelveli,555,1476,Tirunelvali APMC
Tamil Nadu,31,Thirupathur,556,4231,Natrampalli(Uzhavar Sandhai )
Tamil Nadu,31,Thirupathur,556,4230,Tirupathur(Uzhavar Sandhai )
Tamil Nadu,31,Thirupathur,556,4229,Vaniyampadi(Uzhavar Sandhai )
Tamil Nadu,31,Thirupur,557,4689,Avinashi APMC
Tamil Nadu,31,Thirupur,557,4236,Dharapuram(Uzhavar Sandhai )
Tamil Nadu,31,Thirupur,557,4237,Kangayam(Uzhavar Sandhai )
Tamil Nadu,31,Thirupur,557,4232,Palladam(Uzhavar Sandhai )
Tamil Nadu,31,Thirupur,557,4234,Tiruppur (North) (Uzhavar Sandhai )
Tamil Nadu,31,Thirupur,557,4235,Tiruppur (South) (Uzhavar Sandhai )
Tamil Nadu,31,Thirupur,557,4233,Udumalpet(Uzhavar Sandhai )
Tamil Nadu,31,Thirupur,557,2832,Vellakoil APMC
Tamil Nadu,31,Thiruvannamalai,558,1669,Arani APMC
Tamil Nadu,31,Thiruvannamalai,558,4182,Arani(Uzhavar Sandhai )
Tamil Nadu,31,Thiruvannamalai,558,2916,Chengam APMC
Tamil Nadu,31,Thiruvannamalai,558,4184,Chengam(Uzhavar Sandhai )
Tamil Nadu,31,Thiruvannamalai,558,282,Chetpet APMC
Tamil Nadu,31,Thiruvannamalai,558,2436,Cheyyar APMC
Tamil Nadu,31,Thiruvannamalai,558,4183,Cheyyar(Uzhavar Sandhai )
Tamil Nadu,31,Thiruvannamalai,558,2919,Desur APMC
Tamil Nadu,31,Thiruvannamalai,558,2918,Dusi APMC
Tamil Nadu,31,Thiruvannamalai,558,4186,Keelpennathur(Uzhavar Sandhai )
Tamil Nadu,31,Thiruvannamalai,558,2921,Kilpennathur APMC
Tamil Nadu,31,Thiruvannamalai,558,3310,Mangala Mamandur APMC
Tamil Nadu,31,Thiruvannamalai,558,2920,Pernamallur APMC
Tamil Nadu,31,Thiruvannamalai,558,1069,Polur(Thiruvannamalai) APMC
Tamil Nadu,31,Thiruvannamalai,558,4181,Polur(Uzhavar Sandhai )
Tamil Nadu,31,Thiruvannamalai,558,4187,Tamarainagar(Uzhavar Sandhai )
Tamil Nadu,31,Thiruvannamalai,558,2915,Thellar APMC
Tamil Nadu,31,Thiruvannamalai,558,1470,Thiruvannamalai APMC
Tamil Nadu,31,Thiruvannamalai,558,4180,Tiruvannamalai(Uzhavar Sandhai )
Tamil Nadu,31,Thiruvannamalai,558,2917,Vanapuram APMC
Tamil Nadu,31,Thiruvannamalai,558,287,Vandavasi APMC
Tamil Nadu,31,Thiruvannamalai,558,4185,Vandavasi(Uzhavar Sandhai )
Tamil Nadu,31,Thiruvannamalai,558,2434,Vettavalam APMC
Tamil Nadu,31,Thiruvarur,559,2256,Koradacheri APMC
Tamil Nadu,31,Thiruvarur,559,2255,Kudavasal APMC
Tamil Nadu,31,Thiruvarur,559,2259,Mannargudi APMC
Tamil Nadu,31,Thiruvarur,559,4172,Mannargudi I(Uzhavar Sandhai )
Tamil Nadu,31,Thiruvarur,559,4176,Mannargudi II(Uzhavar Sandhai )
Tamil Nadu,31,Thiruvarur,559,4175,Muthupettai(Uzhavar Sandhai )
Tamil Nadu,31,Thiruvarur,559,4174,Needamangalam(Uzhavar Sandhai )
Tamil Nadu,31,Thiruvarur,559,2257,Poonthottam APMC
Tamil Nadu,31,Thiruvarur,559,288,Thiruvarur APMC
Tamil Nadu,31,Thiruvarur,559,1218,Tiruthuraipoondi APMC
Tamil Nadu,31,Thiruvarur,559,4171,Tiruthuraipoondi(Uzhavar Sandhai )
Tamil Nadu,31,Thiruvarur,559,4173,Tiruvarur(Uzhavar Sandhai )
Tamil Nadu,31,Thiruvarur,559,2258,Vaduvur APMC
Tamil Nadu,31,Thiruvarur,559,2254,Valangaiman APMC
Tamil Nadu,31,Thiruvarur,559,4177,Valangaiman(Uzhavar Sandhai )
Tamil Nadu,31,Thiruvellore,560,4167,Ambattur(Uzhavar Sandhai )
Tamil Nadu,31,Thiruvellore,560,4169,Naravarikuppam(Uzhavar Sandhai )
Tamil Nadu,31,Thiruvellore,560,4168,Paruthipattu(Uzhavar Sandhai )
Tamil Nadu,31,Thiruvellore,560,4170,Perambakkam(Uzhavar Sandhai )
Tamil Nadu,31,Thiruvellore,560,1468,Redhills APMC
Tamil Nadu,31,Thiruvellore,560,4165,Tiruthani(Uzhavar Sandhai )
Tamil Nadu,31,Thiruvellore,560,4166,Tiruvallur(Uzhavar Sandhai )
Tamil Nadu,31,Thiruvellore,560,644,Tiruvellore APMC
Tamil Nadu,31,Tuticorin,561,2415,Kovilpatti APMC
Tamil Nadu,31,Tuticorin,561,4179,Kovilpatti(Uzhavar Sandhai )
Tamil Nadu,31,Tuticorin,561,1683,Thoothukudi APMC
Tamil Nadu,31,Tuticorin,561,4178,Tuticorin(Uzhavar Sandhai )
Tamil Nadu,31,Tuticorin,561,1066,Vilathikulam APMC
Tamil Nadu,31,Vellore,562,3311,Ambur APMC
Tamil Nadu,31,Vellore,562,1063,Ammoor APMC
Tamil Nadu,31,Vellore,562,2923,Arcot APMC
Tamil Nadu,31,Vellore,562,2927,Arkonam APMC
Tamil Nadu,31,Vellore,562,2421,Gudiyatham APMC
Tamil Nadu,31,Vellore,562,4198,Gudiyatham(Uzhavar Sandhai )
Tamil Nadu,31,Vellore,562,4199,Kahithapattarai(Uzhavar Sandhai )
Tamil Nadu,31,Vellore,562,1668,Kalavai APMC
Tamil Nadu,31,Vellore,562,4197,Katpadi (Uzhavar Sandhai )
Tamil Nadu,31,Vellore,562,2930,Katpadi APMC
Tamil Nadu,31,Vellore,562,2993,Katpadi(Uzhavar Santhai)
Tamil Nadu,31,Vellore,562,2929,Kaveripakkam APMC
Tamil Nadu,31,Vellore,562,2922,Thimiri APMC
Tamil Nadu,31,Vellore,562,2422,Thirupathur APMC
Tamil Nadu,31,Vellore,562,2928,Vaniyambadi APMC
Tamil Nadu,31,Vellore,562,1469,Vellore APMC
Tamil Nadu,31,Vellore,562,4196,Vellore(Uzhavar Sandhai )
Tamil Nadu,31,Villupuram,563,2936,Ananthapuram APMC
Tamil Nadu,31,Villupuram,563,1062,Avalurpet APMC
Tamil Nadu,31,Villupuram,563,2414,Chinnasalem APMC
Tamil Nadu,31,Villupuram,563,289,Gingee APMC
Tamil Nadu,31,Villupuram,563,4202,Gingee(Uzhavar Sandhai )
Tamil Nadu,31,Villupuram,563,1216,Kallakurichi APMC
Tamil Nadu,31,Villupuram,563,2837,Manalurpet APMC
Tamil Nadu,31,Villupuram,563,1671,Marakkanam APMC
Tamil Nadu,31,Villupuram,563,2938,Moongilthuraipattu APMC
Tamil Nadu,31,Villupuram,563,1215,Sangarapuram APMC
Tamil Nadu,31,Villupuram,563,290,Thirukovilur APMC
Tamil Nadu,31,Villupuram,563,2836,Thiruvennainallur APMC
Tamil Nadu,31,Villupuram,563,1670,Thiryagadurgam APMC
Tamil Nadu,31,Villupuram,563,1214,Tindivanam APMC
Tamil Nadu,31,Villupuram,563,4200,Tindivanam(Uzhavar Sandhai )
Tamil Nadu,31,Villupuram,563,292,Ulundurpettai APMC
Tamil Nadu,31,Villupuram,563,2937,Valathi APMC
Tamil Nadu,31,Villupuram,563,1672,Vikkiravandi APMC
Tamil Nadu,31,Villupuram,563,291,Villupuram APMC
Tamil Nadu,31,Villupuram,563,4201,Villupuram(Uzhavar Sandhai )
Tamil Nadu,31,Virudhunagar,564,1068,Aruppukottai APMC
Tamil Nadu,31,Virudhunagar,564,4203,Aruppukottai(Uzhavar Sandhai )
Tamil Nadu,31,Virudhunagar,564,4209,Kariyapatti(Uzhavar Sandhai )
Tamil Nadu,31,Virudhunagar,564,293,Rajapalayam APMC
Tamil Nadu,31,Virudhunagar,564,4204,Rajapalayam(Uzhavar Sandhai )
Tamil Nadu,31,Virudhunagar,564,2977,Sathur APMC
Tamil Nadu,31,Virudhunagar,564,4208,Sathur(Uzhavar Sandhai )
Tamil Nadu,31,Virudhunagar,564,4207,Sivakasi(Uzhavar Sandhai )
Tamil Nadu,31,Virudhunagar,564,4205,Srivilliputhur(Uzhavar Sandhai )
Tamil Nadu,31,Virudhunagar,564,4210,Thalavaipuram(Uzhavar Sandhai )
Tamil Nadu,31,Virudhunagar,564,4793,Vembakottai APMC
Tamil Nadu,31,Virudhunagar,564,648,Virudhunagar APMC
Tamil Nadu,31,Virudhunagar,564,4206,Virudhunagar(Uzhavar Sandhai )
Tamil Nadu,31,Virudhunagar,564,4795,Watrab APMC
Telangana,32,Jagtial,567,868,Dharmapuri APMC
Telangana,32,Jagtial,567,881,Gollapally APMC
Telangana,32,Jagtial,567,3483,Ibrahimpatnam APMC
Telangana,32,Jagtial,567,896,Jagtial APMC
Telangana,32,Jagtial,567,3015,Kathalapur APMC
Telangana,32,Jagtial,567,921,Koratla APMC
Telangana,32,Jagtial,567,3761,Mallapur APMC
Telangana,32,Jagtial,567,3016,Medipally APMC
Telangana,32,Jagtial,567,951,Metpally APMC
Telangana,32,Jagtial,567,3479,Pegadapally APMC
Telangana,32,Jagtial,567,4765,Raikal APMC
Telangana,32,Jagtial,567,4792,Velgatoor APMC
Telangana,32,Asifabad,729,840,Asifabad APMC
Telangana,32,Asifabad,729,903,Kagaznagar APMC
Telangana,32,Jogulamba Gadwal,730,830,Alampur APMC
Telangana,32,Jogulamba Gadwal,730,7,Gadwal APMC
Telangana,32,Mahabubabad,731,378,Kesamudram APMC
Telangana,32,Mahabubabad,731,942,Mahabubabad APMC
Telangana,32,Mahabubabad,731,1036,Thorrur APMC
Telangana,32,Medchal Malkajgiri,732,1193,"Kukatpally,RBZ"
Telangana,32,Medchal Malkajgiri,732,950,Medchal APMC
Telangana,32,Mulugu,733,954,Mulugu APMC
Telangana,32,Nagarkurnool,734,824,Achampet APMC
Telangana,32,Nagarkurnool,734,2402,Amrabad APMC
Telangana,32,Nagarkurnool,734,907,Kalwakurthy APMC
Telangana,32,Nagarkurnool,734,919,Kollapur APMC
Telangana,32,Nagarkurnool,734,922,Kosgi APMC
Telangana,32,Nagarkurnool,734,771,Nagarkurnool APMC
Telangana,32,Narayanpet,735,943,Makthal APMC
Telangana,32,Narayanpet,735,967,Narayanpet APMC
Telangana,32,Nirmal,736,846,Bhainsa APMC
Telangana,32,Nirmal,736,915,Khanapur APMC
Telangana,32,Nirmal,736,929,Kuber APMC
Telangana,32,Nirmal,736,350,Nirmal APMC
Telangana,32,Nirmal,736,1014,Sarangapur APMC161
Telangana,32,Peddapalli,737,867,Dharmaram APMC
Telangana,32,Peddapalli,737,946,Manthani APMC
Telangana,32,Peddapalli,737,989,Peddapalli APMC
Telangana,32,Suryapet,738,891,Huzurnagar APMC
Telangana,32,Suryapet,738,773,Kodad APMC
Telangana,32,Suryapet,738,1995,Neredcherla APMC
Telangana,32,Suryapet,738,13,Suryapeta APMC
Telangana,32,Suryapet,738,1037,Thungathurthy APMC
Telangana,32,Suryapet,738,1867,Tirumalagiri APMC
Telangana,32,Yadadri Bhuvanagiri,739,1994,Aler APMC
Telangana,32,Yadadri Bhuvanagiri,739,850,Bhongir APMC
Telangana,32,Yadadri Bhuvanagiri,739,1667,Choutuppal APMC
Telangana,32,Yadadri Bhuvanagiri,739,952,Mothkur APMC
Telangana,32,Yadadri Bhuvanagiri,739,1996,Valigonda APMC
Telangana,32,Adilabad,565,3317,Adilabad (Rythu Bazar) 
Telangana,32,Adilabad,565,827,Adilabad APMC
Telangana,32,Adilabad,565,851,Boath APMC
Telangana,32,Adilabad,565,4704,Echoda APMC
Telangana,32,Adilabad,565,899,Jainath APMC
Telangana,32,Hyderabad,566,1197,"Alwal,RBZ"
Telangana,32,Hyderabad,566,1868,Bowenpally APMC
Telangana,32,Hyderabad,566,1078,Gudimalkapur APMC
Telangana,32,Hyderabad,566,2,Mahboob Manison APMC
Telangana,32,Hyderabad,566,3321,RYTHU BAZAR ERRAGADDA
Telangana,32,Hyderabad,566,1199,RYTHU BAZAR FALAKNUMA
Telangana,32,Hyderabad,566,3332,RYTHU BAZAR MEHDIPATNAM
Telangana,32,Kamareddy,568,2408,Bhiknoor APMC
Telangana,32,Kamareddy,568,2409,Bichkunda APMC
Telangana,32,Kamareddy,568,3508,Birkur APMC
Telangana,32,Kamareddy,568,877,Gandhari APMC
Telangana,32,Kamareddy,568,16,Kamareddy APMC
Telangana,32,Kamareddy,568,941,Madnoor APMC
Telangana,32,Kamareddy,568,991,Pitlam APMC
Telangana,32,Kamareddy,568,3509,Sadashivnagar APMC
Telangana,32,Kamareddy,568,372,Yellareddy APMC
Telangana,32,Karimnagar,569,862,Choppadandi APMC
Telangana,32,Karimnagar,569,876,Gangadhara APMC
Telangana,32,Karimnagar,569,3498,Gopalraopet APMC
Telangana,32,Karimnagar,569,775,Husnabad APMC
Telangana,32,Karimnagar,569,890,Huzzurabad APMC
Telangana,32,Karimnagar,569,4,Jammikunta APMC
Telangana,32,Karimnagar,569,3,Karimnagar APMC
Telangana,32,Karimnagar,569,3017,Mallial(Cheppial) APMC
Telangana,32,Karimnagar,569,3762,Manakodur APMC
Telangana,32,Karimnagar,569,1026,Sultanabad APMC
Telangana,32,Karimnagar,569,4788,V.Saidapur APMC
Telangana,32,Karimnagar,569,1188,"Weekly Market Area,RBZ APMC"
Telangana,32,Khammam,570,3496,Enkoor APMC
Telangana,32,Khammam,570,906,Kallur APMC
Telangana,32,Khammam,570,5,Khammam APMC
Telangana,32,Khammam,570,4737,Maddulapally APMC
Telangana,32,Khammam,570,3490,Madhira APMC
Telangana,32,Khammam,570,3491,Nelakondapally APMC
Telangana,32,Khammam,570,2877,"Pavilion Ground,Khammam,RBZ"
Telangana,32,Khammam,570,2879,"Sattupalli (Ramalayam),RBZ"
Telangana,32,Khammam,570,3497,Sattupally APMC
Telangana,32,Khammam,570,1057,Wyra APMC
Telangana,32,Mahbubnagar,571,6,Badepally APMC
Telangana,32,Mahbubnagar,571,4691,Balanagar APMC
Telangana,32,Mahbubnagar,571,1221,Devarakadra APMC
Telangana,32,Mahbubnagar,571,3327,Mahabubnagar(Rythu Bazar)
Telangana,32,Mahbubnagar,571,8,Mahbubnagar APMC
Telangana,32,Mahbubnagar,571,2401,Nagarkurnool(Talkapalli) APMC
Telangana,32,Mahbubnagar,571,2398,Nawabpet APMC
Telangana,32,Medak,572,4699,Chegunta APMC
Telangana,32,Medak,572,374,Medak APMC
Telangana,32,Medak,572,968,Narsapur APMC
Telangana,32,Medak,572,4756,Papannapet APMC
Telangana,32,Medak,572,1005,Ramayampet APMC
Telangana,32,Medak,572,4786,Toopran APMC
Telangana,32,Nalgonda,573,854,Chandur APMC
Telangana,32,Nalgonda,573,2403,Chandur(Mungodu) APMC
Telangana,32,Nalgonda,573,376,Chityal APMC
Telangana,32,Nalgonda,573,866,Devarakonda APMC
Telangana,32,Nalgonda,573,2405,Devarkonda(Dindi) APMC
Telangana,32,Nalgonda,573,2404,Devarkonda(Mallepalli) APMC
Telangana,32,Nalgonda,573,887,Halia APMC
Telangana,32,Nalgonda,573,12,Miryalaguda APMC
Telangana,32,Nalgonda,573,3329,Miryalguda(Rythu Bazar) 
Telangana,32,Nalgonda,573,962,Nakrekal APMC
Telangana,32,Nalgonda,573,963,Nalgonda APMC
Telangana,32,Nalgonda,573,4663,Nidamanoor APMC
Telangana,32,Nalgonda,573,4780,Shaligowraram APMC
Telangana,32,Nalgonda,573,1048,Venkateswarnagar APMC
Telangana,32,Nizamabad,574,371,Armoor APMC
Telangana,32,Nizamabad,574,17,Banswada APMC
Telangana,32,Nizamabad,574,15,Bodhan APMC
Telangana,32,Nizamabad,574,3397,Kammarpally APMC
Telangana,32,Nizamabad,574,3507,Kotagiri APMC
Telangana,32,Nizamabad,574,1191,"NGOs Colony,RBZ "
Telangana,32,Nizamabad,574,14,Nizamabad APMC
Telangana,32,Nizamabad,574,1190,"Pullanga X Road,RBZ "
Telangana,32,Nizamabad,574,2814,Varni APMC
Telangana,32,Nizamabad,574,3510,Velpur APMC
Telangana,32,Ranga Reddy,575,834,Amangal APMC
Telangana,32,Ranga Reddy,575,3472,Babbuguda
Telangana,32,Ranga Reddy,575,2907,Chevella APMC
Telangana,32,Ranga Reddy,575,377,Gaddiannaram APMC
Telangana,32,Ranga Reddy,575,892,Ibrahimpatnam APMC
Telangana,32,Ranga Reddy,575,3018,L B Nagar APMC
Telangana,32,Ranga Reddy,575,4739,Maheshwaram APMC
Telangana,32,Ranga Reddy,575,966,Narsingi APMC
Telangana,32,Ranga Reddy,575,1015,Sardarnagar APMC
Telangana,32,Ranga Reddy,575,1194,"Saroornagar,RBZ"
Telangana,32,Ranga Reddy,575,9,Shadnagar APMC
Telangana,32,Ranga Reddy,575,1019,Shankarapally APMC
Telangana,32,Ranga Reddy,575,1195,"Vanasthalipuram,RBZ "
Telangana,32,Siddipet,576,4693,Bejjenki APMC
Telangana,32,Siddipet,576,4700,Chinnakodur APMC
Telangana,32,Siddipet,576,4702,Doulthabad APMC
Telangana,32,Siddipet,576,1220,Dubbak APMC
Telangana,32,Siddipet,576,875,Gajwel APMC
Telangana,32,Siddipet,576,4729,Koheda APMC
Telangana,32,Siddipet,576,4731,Kondapaka APMC
Telangana,32,Siddipet,576,4742,Mirdoddi APMC
Telangana,32,Siddipet,576,4746,Nangunoor APMC
Telangana,32,Siddipet,576,10,Siddipet APMC
Telangana,32,Siddipet,576,3328,Siddipet(Rythu Bazar) 
Telangana,32,Siddipet,576,2002,Thoguta APMC
Telangana,32,Siddipet,576,3401,Vantamamidi APMC
Telangana,32,Warangal,577,856,Cherial APMC
Telangana,32,Warangal,577,971,Narsampet APMC
Telangana,32,Warangal,577,2410,Nekkonda APMC
Telangana,32,Warangal,577,19,Warangal APMC
Telangana,32,Warangal,577,1056,Wardhannapet APMC
Telangana,32,Sangareddy,700,4757,APMC PATANCHERU
Telangana,32,Sangareddy,700,772,Jogipet APMC
Telangana,32,Sangareddy,700,970,Narayankhed APMC
Telangana,32,Sangareddy,700,4766,Raikode APMC
Telangana,32,Sangareddy,700,11,Sadasivpet APMC
Telangana,32,Sangareddy,700,1202,Sangareddy APMC
Telangana,32,Sangareddy,700,3763,Vatpally APMC
Telangana,32,Sangareddy,700,375,Zaheerabad APMC
Telangana,32,Jangaon,702,901,Jangaon APMC
Telangana,32,Bhadradri Kothagudem,704,369,Bhadrachalam APMC
Telangana,32,Bhadradri Kothagudem,704,853,Burgampadu APMC
Telangana,32,Bhadradri Kothagudem,704,865,Dammapet APMC
Telangana,32,Bhadradri Kothagudem,704,368,Kothagudem APMC
Telangana,32,Bhadradri Kothagudem,704,4748,Nuguru Charla APMC
Telangana,32,Bhadradri Kothagudem,704,774,Yellandu APMC
Telangana,32,Rajanna Siricilla,705,4696,Boinpalli APMC
Telangana,32,Rajanna Siricilla,705,4705,Ellanthakunta APMC
Telangana,32,Rajanna Siricilla,705,4708,Gambhiraopet APMC
Telangana,32,Rajanna Siricilla,705,4730,Konaraopet APMC
Telangana,32,Rajanna Siricilla,705,4672,Pothgal APMC
Telangana,32,Rajanna Siricilla,705,3473,Racharla Boppapur APMC
Telangana,32,Rajanna Siricilla,705,3480,Rudrangi APMC
Telangana,32,Rajanna Siricilla,705,1021,Sircilla APMC
Telangana,32,Rajanna Siricilla,705,4791,Veernapalli APMC
Telangana,32,Rajanna Siricilla,705,1046,Vemulawada APMC
Telangana,32,Mancherial,706,3476,Bellampally APMC
Telangana,32,Mancherial,706,858,Chennur APMC
Telangana,32,Mancherial,706,4718,Jannaram APMC
Telangana,32,Mancherial,706,934,Luxettipet APMC
Telangana,32,Mancherial,706,945,Mancherial APMC
Telangana,32,Wanaparthy,707,370,Atmakur APMC
Telangana,32,Wanaparthy,707,4759,Pebbair APMC
Telangana,32,Wanaparthy,707,1054,Wanaparthy Road APMC
Telangana,32,Wanaparthy,707,1055,Wanaparthy town APMC
Telangana,32,Vikarabad,708,4692,Basheerabad APMC
Telangana,32,Vikarabad,708,4701,Dharur APMC
Telangana,32,Vikarabad,708,4734,Kulkacherla APMC
Telangana,32,Vikarabad,708,949,Marapally APMC
Telangana,32,Vikarabad,708,985,Pargi APMC
Telangana,32,Vikarabad,708,1030,Tanduru APMC
Telangana,32,Vikarabad,708,373,Vikarabad APMC
Telangana,32,Hanumakonda,701,1185,"Excise Colony,RBZ "
Telangana,32,Hanumakonda,701,4722,Kamalapur APMC
Telangana,32,Hanumakonda,701,986,Parkal APMC
Telangana,32,Bhupalapally,703,4695,Bhupalapally APMC
Telangana,32,Bhupalapally,703,913,Kataram APMC
Tripura,33,Gomati,579,1702,Garjee APMC
Tripura,33,Gomati,579,1703,Nutanbazar APMC
Tripura,33,Gomati,579,3104,Silachhari APMC
Tripura,33,Dhalai,578,3101,Chowmanu APMC
Tripura,33,Dhalai,578,3102,Gondatwisa APMC
Tripura,33,Dhalai,578,3675,Halahali
Tripura,33,Dhalai,578,684,Kulai APMC
Tripura,33,Dhalai,578,3679,Masli
Tripura,33,Khowai,580,680,Bachaibari APMC
Tripura,33,Khowai,580,3098,Kalyanpur APMC
Tripura,33,Khowai,580,296,Teliamura APMC
Tripura,33,North Tripura,581,1704,Dasda APMC
Tripura,33,North Tripura,581,3680,Kadamtala
Tripura,33,North Tripura,581,3677,Kanchanpur
Tripura,33,North Tripura,581,683,Panisagar APMC
Tripura,33,Sepahijala,582,295,Bishalgarh APMC
Tripura,33,Sepahijala,582,3672,Bishramganj
Tripura,33,Sepahijala,582,3673,Boxonagar
Tripura,33,Sepahijala,582,3099,Jampuijala APMC
Tripura,33,Sepahijala,582,679,Melaghar APMC
Tripura,33,Sepahijala,582,3100,Sonamura APMC
Tripura,33,Unokoti,584,3678,Machmara
Tripura,33,Unokoti,584,678,Pabiacherra APMC
Tripura,33,Unokoti,584,3676,Panichowki
Tripura,33,West District,585,1700,Champaknagar APMC
Tripura,33,West District,585,3674,Kamalghat
Tripura,33,West District,585,1701,Mohanpur APMC
Tripura,33,South Tripura,583,3105,Barpathari APMC
Tripura,33,South Tripura,583,3671,Biokhora
Tripura,33,South Tripura,583,3103,Kalsi APMC
Tripura,33,South Tripura,583,3670,Manubazar
Tripura,33,South Tripura,583,294,Santir Bazar APMC
Uttar Pradesh,34,Pillibhit,644,1735,Bishalpur APMC
Uttar Pradesh,34,Pillibhit,644,320,Pilibhit APMC
Uttar Pradesh,34,Pillibhit,644,1732,Puranpur APMC
Uttar Pradesh,34,Agra,586,2194,Achnera APMC
Uttar Pradesh,34,Agra,586,297,Agra APMC
Uttar Pradesh,34,Agra,586,2193,Fatehabad APMC
Uttar Pradesh,34,Agra,586,2197,Fatehpur Sikri APMC
Uttar Pradesh,34,Agra,586,2196,Jagnair APMC
Uttar Pradesh,34,Agra,586,4813,Jarar APMC
Uttar Pradesh,34,Agra,586,2195,Khairagarh APMC
Uttar Pradesh,34,Agra,586,2198,Samsabad APMC
Uttar Pradesh,34,Aligarh,587,1720,Aligarh APMC
Uttar Pradesh,34,Aligarh,587,2199,Atrauli APMC
Uttar Pradesh,34,Aligarh,587,1755,Charra APMC
Uttar Pradesh,34,Aligarh,587,1759,Khair APMC
Uttar Pradesh,34,Ambedkarnagar,588,1721,Akbarpur APMC
Uttar Pradesh,34,Ambedkarnagar,588,4824,Tanda Akbarpur APMC
Uttar Pradesh,34,Amethi,589,1761,Jafarganj APMC
Uttar Pradesh,34,Amethi,589,659,Sultanpur APMC
Uttar Pradesh,34,Amroha,590,1140,Amroha APMC
Uttar Pradesh,34,Amroha,590,2209,Dhanaura APMC
Uttar Pradesh,34,Amroha,590,1787,Hasanpur APMC
Uttar Pradesh,34,Auraiya,591,2223,Achalda APMC
Uttar Pradesh,34,Auraiya,591,796,Auraiya APMC
Uttar Pradesh,34,Auraiya,591,1765,Dibiapur APMC
Uttar Pradesh,34,Ayodhya,592,4681,Ayodhya APMC
Uttar Pradesh,34,Ayodhya,592,2239,Rudauli APMC
Uttar Pradesh,34,Azamgarh,593,663,Azamgarh APMC
Uttar Pradesh,34,Badaun,594,2215,Babrala APMC
Uttar Pradesh,34,Badaun,594,655,Badayoun APMC
Uttar Pradesh,34,Badaun,594,1790,Bilsi APMC
Uttar Pradesh,34,Badaun,594,2213,Bisoli APMC
Uttar Pradesh,34,Badaun,594,1792,Dataganj APMC
Uttar Pradesh,34,Badaun,594,4812,Islam Nagar APMC
Uttar Pradesh,34,Badaun,594,2216,Shahaswan APMC
Uttar Pradesh,34,Badaun,594,1744,Ujhani APMC
Uttar Pradesh,34,Badaun,594,2214,Wazirganj APMC
Uttar Pradesh,34,Baghpat,595,649,Baraut APMC
Uttar Pradesh,34,Baghpat,595,2181,Khekda APMC
Uttar Pradesh,34,Bahraich,596,299,Bahraich APMC
Uttar Pradesh,34,Bahraich,596,4815,Mihipurwa APMC
Uttar Pradesh,34,Bahraich,596,1763,Naanpara APMC
Uttar Pradesh,34,Bahraich,596,4820,Risia APMC
Uttar Pradesh,34,Bahraich,596,4821,Rupaidiha APMC
Uttar Pradesh,34,Ballia,597,300,Ballia APMC
Uttar Pradesh,34,Ballia,597,2246,Chitwadagaon APMC
Uttar Pradesh,34,Ballia,597,2245,Rasda APMC
Uttar Pradesh,34,Ballia,597,2247,Vilthararoad APMC
Uttar Pradesh,34,Balrampur,598,1722,Balrampur APMC
Uttar Pradesh,34,Balrampur,598,2251,Panchpedwa APMC
Uttar Pradesh,34,Balrampur,598,1772,Tulsipur APMC
Uttar Pradesh,34,Balrampur,598,4809,Utraula APMC
Uttar Pradesh,34,Banda,599,1747,Atarra APMC
Uttar Pradesh,34,Banda,599,1801,Baberu APMC
Uttar Pradesh,34,Banda,599,1725,Banda APMC
Uttar Pradesh,34,Barabanki,600,301,Barabanki APMC
Uttar Pradesh,34,Barabanki,600,1760,Safdarganj APMC
Uttar Pradesh,34,Bareilly,601,2212,Anwala APMC
Uttar Pradesh,34,Bareilly,601,1745,Baheri APMC
Uttar Pradesh,34,Bareilly,601,302,Bareilly APMC
Uttar Pradesh,34,Basti,602,662,Basti APMC
Uttar Pradesh,34,Bhadohi(Sant Ravi Nagar),603,1966,Gopiganj APMC
Uttar Pradesh,34,Bijnor,604,1138,Bijnaur APMC
Uttar Pradesh,34,Bijnor,604,1742,Chaandpur APMC
Uttar Pradesh,34,Bijnor,604,2208,Haldaur APMC
Uttar Pradesh,34,Bijnor,604,2206,Kiratpur APMC
Uttar Pradesh,34,Bijnor,604,2207,Nagina APMC
Uttar Pradesh,34,Bijnor,604,1791,Najibabad APMC
Uttar Pradesh,34,Bulandshahar,605,2185,Anoop Shahar APMC
Uttar Pradesh,34,Bulandshahar,605,647,Buland Shahr APMC
Uttar Pradesh,34,Bulandshahar,605,1781,Divai APMC
Uttar Pradesh,34,Bulandshahar,605,1783,Gulavati APMC
Uttar Pradesh,34,Bulandshahar,605,2182,Jahangirabad APMC
Uttar Pradesh,34,Bulandshahar,605,1753,Khurja APMC
Uttar Pradesh,34,Bulandshahar,605,2184,Sikanderabad APMC
Uttar Pradesh,34,Bulandshahar,605,2186,Sikarpur APMC
Uttar Pradesh,34,Bulandshahar,605,2183,Siyana APMC
Uttar Pradesh,34,Chandauli,606,1723,Chandoli APMC
Uttar Pradesh,34,Chitrakut,607,1967,Karvi APMC
Uttar Pradesh,34,Chitrakut,607,2233,Mau(Chitrakut) APMC
Uttar Pradesh,34,Deoria,608,661,Devariya APMC
Uttar Pradesh,34,Etah,609,2202,Aliganj APMC
Uttar Pradesh,34,Etah,609,2203,Awagarh APMC
Uttar Pradesh,34,Etah,609,652,Etah APMC
Uttar Pradesh,34,Etawah,610,1741,Bharthna APMC
Uttar Pradesh,34,Etawah,610,309,Etawah APMC
Uttar Pradesh,34,Etawah,610,1770,Jasvantnagar APMC
Uttar Pradesh,34,Farukhabad,611,305,Farukhabad APMC
Uttar Pradesh,34,Farukhabad,611,2221,Kamlaganj APMC
Uttar Pradesh,34,Farukhabad,611,1737,Kayamganj APMC
Uttar Pradesh,34,Farukhabad,611,2222,Mohamadabad APMC
Uttar Pradesh,34,Fatehpur,612,1748,Bindki APMC
Uttar Pradesh,34,Fatehpur,612,795,Fatehpur APMC
Uttar Pradesh,34,Fatehpur,612,1769,Jahanabad APMC
Uttar Pradesh,34,Fatehpur,612,2238,Khaga APMC
Uttar Pradesh,34,Fatehpur,612,1767,Kishunpur APMC
Uttar Pradesh,34,Firozabad,613,816,Firozabad APMC
Uttar Pradesh,34,Firozabad,613,1758,Shikohabad APMC
Uttar Pradesh,34,Firozabad,613,2204,Sirsaganj APMC
Uttar Pradesh,34,Firozabad,613,2205,Tundla APMC
Uttar Pradesh,34,Gautam Budh Nagar,614,1729,DADRI APMC
Uttar Pradesh,34,Gautam Budh Nagar,614,2187,Dankaur APMC
Uttar Pradesh,34,Gautam Budh Nagar,614,4814,Jewar APMC
Uttar Pradesh,34,Ghaziabad,615,306,Ghaziabad APMC
Uttar Pradesh,34,Ghaziabad,615,1726,Hapur APMC
Uttar Pradesh,34,Ghaziabad,615,2180,Muradnagar APMC
Uttar Pradesh,34,Ghaziabad,615,2803,Noida APMC
Uttar Pradesh,34,Ghazipur,616,2242,Jamanian APMC
Uttar Pradesh,34,Ghazipur,616,2801,Jangipura APMC
Uttar Pradesh,34,Ghazipur,616,4825,Saidpur APMC
Uttar Pradesh,34,Ghazipur,616,2241,Yusufpur APMC
Uttar Pradesh,34,Gonda,617,4682,Colonelganj APMC
Uttar Pradesh,34,Gonda,617,658,Gonda APMC
Uttar Pradesh,34,Gonda,617,2240,Nawabganj APMC
Uttar Pradesh,34,Gorakhpur,618,2248,Chorichora APMC
Uttar Pradesh,34,Gorakhpur,618,307,Gorakhpur APMC
Uttar Pradesh,34,Gorakhpur,618,1751,Sehjanwa APMC
Uttar Pradesh,34,Hamirpur,619,1795,Bharuasumerpur APMC
Uttar Pradesh,34,Hamirpur,619,2237,Kurara APMC
Uttar Pradesh,34,Hamirpur,619,1794,Maudaha APMC
Uttar Pradesh,34,Hamirpur,619,2236,Muskara APMC
Uttar Pradesh,34,Hamirpur,619,1728,Raath APMC
Uttar Pradesh,34,Hardoi,620,308,Hardoi APMC
Uttar Pradesh,34,Hardoi,620,1777,Madhoganj APMC
Uttar Pradesh,34,Hardoi,620,2230,Sandi APMC
Uttar Pradesh,34,Hardoi,620,1775,Sandila APMC
Uttar Pradesh,34,Hardoi,620,1776,Shahabad(New Mandi) APMC
Uttar Pradesh,34,Hathras,621,1730,Haathras APMC
Uttar Pradesh,34,Hathras,621,2200,Shadabad APMC
Uttar Pradesh,34,Hathras,621,1756,Sikandraraau APMC
Uttar Pradesh,34,Jalaun (Orai),622,1797,Ait APMC
Uttar Pradesh,34,Jalaun (Orai),622,1793,Jalaun APMC
Uttar Pradesh,34,Jalaun (Orai),622,2235,Kadaura APMC
Uttar Pradesh,34,Jalaun (Orai),622,1802,Kalpi APMC
Uttar Pradesh,34,Jalaun (Orai),622,1738,Konch APMC
Uttar Pradesh,34,Jalaun (Orai),622,2234,Madhogarh APMC
Uttar Pradesh,34,Jalaun (Orai),622,1717,Orai APMC
Uttar Pradesh,34,Jaunpur,623,310,Jaunpur APMC
Uttar Pradesh,34,Jaunpur,623,1780,Mugrabaadshahpur APMC
Uttar Pradesh,34,Jaunpur,623,1779,Shahganj APMC
Uttar Pradesh,34,Jhansi,624,2232,Baruwasagar APMC
Uttar Pradesh,34,Jhansi,624,1799,Chirgaon APMC
Uttar Pradesh,34,Jhansi,624,1750,Gurusarai APMC
Uttar Pradesh,34,Jhansi,624,666,Jhansi APMC
Uttar Pradesh,34,Jhansi,624,1739,Mauranipur APMC
Uttar Pradesh,34,Jhansi,624,1800,Moth APMC
Uttar Pradesh,34,Kannuj,625,4665,Chhibramau APMC
Uttar Pradesh,34,Kannuj,625,1718,Kannauj APMC
Uttar Pradesh,34,Kanpur,626,1768,Baripaal APMC
Uttar Pradesh,34,Kanpur,626,2218,Choubepur APMC
Uttar Pradesh,34,Kanpur,626,311,Kanpur(Grain) APMC
Uttar Pradesh,34,Kanpur,626,2219,Uttaripura APMC
Uttar Pradesh,34,Kanpur Dehat,627,1752,Jhijhank APMC
Uttar Pradesh,34,Kanpur Dehat,627,1141,Pukharayan APMC
Uttar Pradesh,34,Kanpur Dehat,627,2220,Rura APMC
Uttar Pradesh,34,Kasganj,628,4811,Ganj Dundwara APMC
Uttar Pradesh,34,Kasganj,628,1139,Kasganj APMC
Uttar Pradesh,34,Kaushambi,629,1766,Bharwari APMC
Uttar Pradesh,34,Kaushambi,629,4390,Manjhanpur APMC
Uttar Pradesh,34,Khiri (Lakhimpur),630,2231,Maigalganj APMC
Uttar Pradesh,34,Khiri (Lakhimpur),630,1968,Mohammdi APMC
Uttar Pradesh,34,Khiri (Lakhimpur),630,1969,Tikonia APMC
Uttar Pradesh,34,Kushinagar,631,4683,Kushinagar APMC
Uttar Pradesh,34,Lakhimpur,632,1731,Golagokarnath APMC
Uttar Pradesh,34,Lakhimpur,632,313,Lakhimpur APMC
Uttar Pradesh,34,Lakhimpur,632,1746,Paliakala APMC
Uttar Pradesh,34,Lalitpur,633,314,Lalitpur APMC
Uttar Pradesh,34,Lalitpur,633,1798,Mehrauni APMC
Uttar Pradesh,34,Lucknow,634,2224,Banthara APMC
Uttar Pradesh,34,Lucknow,634,315,Lucknow APMC
Uttar Pradesh,34,Maharajganj,635,1773,Anandnagar APMC
Uttar Pradesh,34,Maharajganj,635,2250,Gadaura APMC
Uttar Pradesh,34,Maharajganj,635,1771,Nautnava APMC
Uttar Pradesh,34,Maharajganj,635,1716,Partaval APMC
Uttar Pradesh,34,Mahoba,636,1796,Charkhari APMC
Uttar Pradesh,34,Mahoba,636,797,Mahoba APMC
Uttar Pradesh,34,Mahoba,636,4819,Panwari APMC
Uttar Pradesh,34,Mainpuri,637,2201,Bewar APMC
Uttar Pradesh,34,Mainpuri,637,1757,Ghiraur APMC
Uttar Pradesh,34,Mainpuri,637,316,Mainpuri APMC
Uttar Pradesh,34,Mathura,638,1142,Kosikalan APMC
Uttar Pradesh,34,Mathura,638,653,Mathura APMC
Uttar Pradesh,34,Mau(Maunathbhanjan),639,2244,Doharighat APMC
Uttar Pradesh,34,Mau(Maunathbhanjan),639,1715,Kopaganj APMC
Uttar Pradesh,34,Meerut,640,2178,Mawana APMC
Uttar Pradesh,34,Meerut,640,317,Meerut APMC
Uttar Pradesh,34,Meerut,640,2179,Parikshitgarh APMC
Uttar Pradesh,34,Meerut,640,1784,Sardhana APMC
Uttar Pradesh,34,Mirzapur,641,2243,Ahirora APMC
Uttar Pradesh,34,Mirzapur,641,664,Mirzapur APMC
Uttar Pradesh,34,Muzaffarnagar,642,651,Khatauli APMC
Uttar Pradesh,34,Muzaffarnagar,642,682,Muzzafarnagar APMC
Uttar Pradesh,34,Muzaffarnagar,642,2192,Shahpur APMC
Uttar Pradesh,34,Pratapgarh,645,660,Pratapgarh APMC
Uttar Pradesh,34,Prayagraj,646,1724,Ajuha APMC
Uttar Pradesh,34,Prayagraj,646,1764,Jasra APMC
Uttar Pradesh,34,Prayagraj,646,4389,Lediyari APMC
Uttar Pradesh,34,Prayagraj,646,298,Prayagraj APMC
Uttar Pradesh,34,Prayagraj,646,1749,Sirsa APMC
Uttar Pradesh,34,Raebarelli,647,2226,Bachranwa APMC
Uttar Pradesh,34,Raebarelli,647,1743,Jayas APMC
Uttar Pradesh,34,Raebarelli,647,2225,Lalganj APMC
Uttar Pradesh,34,Raebarelli,647,657,Raibareilly APMC
Uttar Pradesh,34,Raebarelli,647,2227,Salon APMC
Uttar Pradesh,34,Rampur,648,1734,Bilaspur APMC
Uttar Pradesh,34,Rampur,648,2808,Milak APMC
Uttar Pradesh,34,Rampur,648,654,Rampur APMC
Uttar Pradesh,34,Rampur,648,2211,Shahabad APMC
Uttar Pradesh,34,Rampur,648,2210,Tanda(Rampur) APMC
Uttar Pradesh,34,Saharanpur,649,2188,CHHUTMALPUR APMC
Uttar Pradesh,34,Saharanpur,649,1782,Deoband APMC
Uttar Pradesh,34,Saharanpur,649,1754,Gangoh APMC
Uttar Pradesh,34,Saharanpur,649,4816,Nakur APMC
Uttar Pradesh,34,Saharanpur,649,4817,Nanuta APMC
Uttar Pradesh,34,Saharanpur,649,1785,Rampurmaniharan APMC
Uttar Pradesh,34,Saharanpur,649,321,Saharanpur APMC
Uttar Pradesh,34,Saharanpur,649,2189,Sultanpurchilkana APMC
Uttar Pradesh,34,Sambhal,650,1786,Bhehjoi APMC
Uttar Pradesh,34,Sambhal,650,656,Chandausi APMC
Uttar Pradesh,34,Sambhal,650,318,Muradabad APMC
Uttar Pradesh,34,Sambhal,650,1788,Sambhal APMC
Uttar Pradesh,34,Sant Kabir Nagar,651,2249,Khalilabad APMC
Uttar Pradesh,34,Shahjahanpur,652,1789,Jalalabad APMC
Uttar Pradesh,34,Shahjahanpur,652,4818,Meeranpur Katra APMC
Uttar Pradesh,34,Shahjahanpur,652,4684,Powayan APMC
Uttar Pradesh,34,Shahjahanpur,652,322,Shahjahanpur APMC
Uttar Pradesh,34,Shahjahanpur,652,1736,Tilhar APMC
Uttar Pradesh,34,Shamli,653,2190,Kairana APMC
Uttar Pradesh,34,Shamli,653,2800,Khandhla APMC
Uttar Pradesh,34,Shamli,653,650,Shamli APMC
Uttar Pradesh,34,Shamli,653,2191,Thanabhawan APMC
Uttar Pradesh,34,Shravasti,654,4391,Bhinga APMC
Uttar Pradesh,34,Shravasti,654,2252,Payagpur APMC
Uttar Pradesh,34,Siddharth Nagar,655,2253,Bansi APMC
Uttar Pradesh,34,Siddharth Nagar,655,1727,Naugarh APMC
Uttar Pradesh,34,Siddharth Nagar,655,1740,Sahiyapur APMC
Uttar Pradesh,34,Siddharth Nagar,655,4822,Shohratgarh APMC
Uttar Pradesh,34,Sitapur,656,2229,Hargaon (Laharpur) APMC
Uttar Pradesh,34,Sitapur,656,1774,Mehmoodabad APMC
Uttar Pradesh,34,Sitapur,656,4823,Sidhauli APMC
Uttar Pradesh,34,Sitapur,656,324,Sitapur APMC
Uttar Pradesh,34,Sitapur,656,2228,Viswan APMC
Uttar Pradesh,34,Sonbhadra,657,1778,Dudhi APMC
Uttar Pradesh,34,Sonbhadra,657,1719,Robertsganj APMC
Uttar Pradesh,34,Unnao,658,1733,Bangarmau APMC
Uttar Pradesh,34,Unnao,658,2217,Purwa APMC
Uttar Pradesh,34,Unnao,658,1143,Unnao APMC
Uttar Pradesh,34,Varanasi,659,327,Varanasi APMC
Uttarakhand,35,Chamoli (Gopeshwar),662,4697,Chamoli APMC
Uttarakhand,35,Champawat,663,1662,Tanakpur APMC
Uttarakhand,35,Dehradoon,664,1666,Chakrata APMC
Uttarakhand,35,Dehradoon,664,303,Dehradoon APMC
Uttarakhand,35,Dehradoon,664,667,Rishikesh APMC
Uttarakhand,35,Dehradoon,664,668,Vikasnagar APMC
Uttarakhand,35,Garhwal (Pauri),665,1074,Kotadwara APMC
Uttarakhand,35,Haridwar,667,3338,Bhagwanpur(Naveen Mandi Sthal) APMC
Uttarakhand,35,Haridwar,667,1071,Haridwar Union APMC
Uttarakhand,35,Haridwar,667,1665,Lakshar APMC
Uttarakhand,35,Haridwar,667,1077,Manglaur APMC
Uttarakhand,35,Haridwar,667,1073,Roorkee APMC
Uttarakhand,35,Nanital,668,1070,Haldwani APMC
Uttarakhand,35,Nanital,668,1072,Ramnagar APMC
Uttarakhand,35,Udhamsinghnagar,672,1075,Bazpur APMC
Uttarakhand,35,Udhamsinghnagar,672,1076,Gadarpur APMC
Uttarakhand,35,Udhamsinghnagar,672,1664,Jaspur(UC) APMC
Uttarakhand,35,Udhamsinghnagar,672,319,Kashipur APMC
Uttarakhand,35,Udhamsinghnagar,672,669,Khateema APMC
Uttarakhand,35,Udhamsinghnagar,672,325,Kicchha APMC
Uttarakhand,35,Udhamsinghnagar,672,3043,Nanakmatta APMC
Uttarakhand,35,Udhamsinghnagar,672,326,Rudrapur APMC
Uttarakhand,35,Udhamsinghnagar,672,1663,Sitarganj APMC
West Bengal,36,Jalpaiguri,683,2536,Belacoba APMC
West Bengal,36,Jalpaiguri,683,335,Dhupguri APMC
West Bengal,36,Jalpaiguri,683,675,Jalpaiguri Sadar APMC
West Bengal,36,Jalpaiguri,683,3340,Moynaguri APMC
West Bengal,36,Alipurduar,674,676,Alipurduar APMC
West Bengal,36,Alipurduar,674,3339,Falakata APMC
West Bengal,36,Bankura,675,329,Bankura Sadar APMC
West Bengal,36,Bankura,675,801,Bishnupur(Bankura) APMC
West Bengal,36,Bankura,675,3351,Indus(Bankura Sadar) APMC
West Bengal,36,Bankura,675,2898,Khatra APMC
West Bengal,36,Birbhum,676,672,Birbhum APMC
West Bengal,36,Birbhum,676,330,Bolpur APMC
West Bengal,36,Birbhum,676,4666,Rampurhat APMC
West Bengal,36,Birbhum,676,3355,Sainthia APMC
West Bengal,36,Coochbehar,678,4670,Baxirhat APMC
West Bengal,36,Coochbehar,678,333,Coochbehar APMC
West Bengal,36,Coochbehar,678,817,Dinhata APMC
West Bengal,36,Coochbehar,678,2535,Haldibari APMC
West Bengal,36,Coochbehar,678,2534,Mathabhanga APMC
West Bengal,36,Coochbehar,678,4671,Mekhliganj APMC
West Bengal,36,Coochbehar,678,2901,Pundibari APMC
West Bengal,36,Coochbehar,678,819,Toofanganj APMC
West Bengal,36,Dakshin Dinajpur,679,4667,Balurghat APMC
West Bengal,36,Dakshin Dinajpur,679,3344,Gangarampur(Dakshin Dinajpur) APMC
West Bengal,36,Darjeeling,680,3342,Darjeeling APMC
West Bengal,36,Darjeeling,680,3341,Karsiyang(Matigara) APMC
West Bengal,36,Darjeeling,680,2537,Siliguri APMC
West Bengal,36,Hooghly,681,821,Champadanga APMC
West Bengal,36,Hooghly,681,3347,Kalipur APMC
West Bengal,36,Hooghly,681,334,Pandua APMC
West Bengal,36,Hooghly,681,2270,Sheoraphuly APMC
West Bengal,36,Howrah,682,799,Ramkrishanpur(Howrah) APMC
West Bengal,36,Howrah,682,2269,Uluberia APMC
West Bengal,36,Jhargram,684,2903,Jhargram APMC
West Bengal,36,Kalimpong,685,677,Kalimpong APMC
West Bengal,36,Kolkata,686,2894,Bara Bazar (Posta Bazar) APMC
West Bengal,36,Kolkata,686,2895,Mechua APMC
West Bengal,36,Kolkata,686,2896,Sealdah Koley Market APMC
West Bengal,36,Malda,687,337,English Bazar APMC
West Bengal,36,Malda,687,2902,Gajol APMC
West Bengal,36,Malda,687,336,Samsi APMC
West Bengal,36,Medinipur(E),688,2272,Egra/contai APMC
West Bengal,36,Medinipur(E),688,3353,Kolaghat APMC
West Bengal,36,Medinipur(E),688,338,Tamluk (Medinipur E) APMC
West Bengal,36,Medinipur(W),689,3352,Garbeta(Medinipur) APMC
West Bengal,36,Medinipur(W),689,820,Ghatal APMC
West Bengal,36,Medinipur(W),689,671,Medinipur(West) APMC
West Bengal,36,Murshidabad,690,2904,Beldanga APMC
West Bengal,36,Murshidabad,690,822,Jangipur APMC
West Bengal,36,Murshidabad,690,3345,Jiaganj APMC
West Bengal,36,Murshidabad,690,2265,Kandi APMC
West Bengal,36,Murshidabad,690,340,Kasimbazar APMC
West Bengal,36,Murshidabad,690,818,Lalbagh APMC
West Bengal,36,Nadia,691,342,Bethuadahari APMC
West Bengal,36,Nadia,691,3350,Chakdah APMC
West Bengal,36,Nadia,691,2266,Kalyani APMC
West Bengal,36,Nadia,691,341,Karimpur APMC
West Bengal,36,Nadia,691,674,Nadia APMC
West Bengal,36,Nadia,691,3349,Ranaghat APMC
West Bengal,36,North 24 Parganas,692,328,Barasat APMC
West Bengal,36,North 24 Parganas,692,2897,Habra APMC
West Bengal,36,Paschim Bardhaman,693,3117,Asansol APMC
West Bengal,36,Paschim Bardhaman,693,2899,Durgapur APMC
West Bengal,36,Purba Bardhaman,694,670,Burdwan APMC
West Bengal,36,Purba Bardhaman,694,3348,Guskara APMC
West Bengal,36,Purba Bardhaman,694,331,Kalna APMC
West Bengal,36,Purba Bardhaman,694,332,Katwa APMC
West Bengal,36,Purba Bardhaman,694,2900,Memari APMC
West Bengal,36,Puruliya,695,2905,Balarampur APMC
West Bengal,36,Puruliya,695,3354,Kasipur APMC
West Bengal,36,Puruliya,695,673,Purulia APMC
West Bengal,36,Sounth 24 Parganas,696,2268,Baruipur(Canning) APMC
West Bengal,36,Sounth 24 Parganas,696,3346,Diamond Harbour(South 24-pgs) APMC
West Bengal,36,Uttar Dinajpur,697,343,Islampur APMC
West Bengal,36,Uttar Dinajpur,697,344,Kaliaganj APMC
West Bengal,36,Uttar Dinajpur,697,3343,Raiganj APMC
